match_id,date,season,team1,team2,venue,city,toss_winner,toss_decision,team1_strength,team2_strength,team1_recent_form,team2_recent_form,team1_h2h,team2_h2h,team1_venue_strength,team2_venue_strength,winner
335982,2008-04-18,2007/08,Royal Challengers Bengaluru,Kolkata Knight Riders,M Chinnaswamy Stadium,Bangalore,Royal Challengers Bengaluru,field,0.5,0.5,0.5,0.5,0.5,0.5,0.5,0.5,Kolkata Knight Riders
335983,2008-04-19,2007/08,Punjab Kings,Chennai Super Kings,"Punjab Cricket Association Stadium, Mohali",Chandigarh,Chennai Super Kings,bat,0.5,0.5,0.5,0.5,0.5,0.5,0.5,0.5,Chennai Super Kings
335984,2008-04-19,2007/08,Delhi Capitals,Rajasthan Royals,Feroz Shah Kotla,Delhi,Rajasthan Royals,bat,0.5,0.5,0.5,0.5,0.5,0.5,0.5,0.5,Delhi Capitals
335985,2008-04-20,2007/08,Mumbai Indians,Royal Challengers Bengaluru,Wankhede Stadium,Mumbai,Mumbai Indians,bat,0.5,0.0,0.5,0.0,0.5,0.5,0.5,0.5,Royal Challengers Bengaluru
335986,2008-04-20,2007/08,Kolkata Knight Riders,Deccan Chargers,Eden Gardens,Kolkata,Deccan Chargers,bat,1.0,0.5,1.0,0.5,0.5,0.5,0.5,0.5,Kolkata Knight Riders
335987,2008-04-21,2007/08,Rajasthan Royals,Punjab Kings,Sawai Mansingh Stadium,Jaipur,Punjab Kings,bat,0.0,0.0,0.0,0.0,0.5,0.5,0.5,0.5,Rajasthan Royals
335988,2008-04-22,2007/08,Deccan Chargers,Delhi Capitals,"Rajiv Gandhi International Stadium, Uppal",Hyderabad,Deccan Chargers,bat,0.0,1.0,0.0,1.0,0.5,0.5,0.5,0.5,Delhi Capitals
335989,2008-04-23,2007/08,Chennai Super Kings,Mumbai Indians,"MA Chidambaram Stadium, Chepauk",Chennai,Mumbai Indians,field,1.0,0.0,1.0,0.0,0.5,0.5,0.5,0.5,Chennai Super Kings
335990,2008-04-24,2007/08,Deccan Chargers,Rajasthan Royals,"Rajiv Gandhi International Stadium, Uppal",Hyderabad,Rajasthan Royals,field,0.0,0.5,0.0,0.5,0.5,0.5,0.0,0.5,Rajasthan Royals
335991,2008-04-25,2007/08,Punjab Kings,Mumbai Indians,"Punjab Cricket Association Stadium, Mohali",Chandigarh,Mumbai Indians,field,0.0,0.0,0.0,0.0,0.5,0.5,0.0,0.5,Punjab Kings
335992,2008-04-26,2007/08,Royal Challengers Bengaluru,Rajasthan Royals,M Chinnaswamy Stadium,Bangalore,Rajasthan Royals,field,0.5,0.6666666666666666,0.5,0.6666666666666666,0.5,0.5,0.0,0.5,Rajasthan Royals
335993,2008-04-26,2007/08,Chennai Super Kings,Kolkata Knight Riders,"MA Chidambaram Stadium, Chepauk",Chennai,Kolkata Knight Riders,bat,1.0,1.0,1.0,1.0,0.5,0.5,1.0,0.5,Chennai Super Kings
335994,2008-04-27,2007/08,Mumbai Indians,Deccan Chargers,Dr DY Patil Sports Academy,Mumbai,Deccan Chargers,field,0.0,0.0,0.0,0.0,0.5,0.5,0.5,0.5,Deccan Chargers
335995,2008-04-27,2007/08,Punjab Kings,Delhi Capitals,"Punjab Cricket Association Stadium, Mohali",Chandigarh,Delhi Capitals,bat,0.3333333333333333,1.0,0.3333333333333333,1.0,0.5,0.5,0.5,0.5,Punjab Kings
335996,2008-04-28,2007/08,Royal Challengers Bengaluru,Chennai Super Kings,M Chinnaswamy Stadium,Bangalore,Chennai Super Kings,bat,0.3333333333333333,1.0,0.3333333333333333,1.0,0.5,0.5,0.0,0.5,Chennai Super Kings
335997,2008-04-29,2007/08,Kolkata Knight Riders,Mumbai Indians,Eden Gardens,Kolkata,Kolkata Knight Riders,bat,0.6666666666666666,0.0,0.6666666666666666,0.0,0.5,0.5,1.0,0.5,Mumbai Indians
335998,2008-04-30,2007/08,Delhi Capitals,Royal Challengers Bengaluru,Feroz Shah Kotla,Delhi,Royal Challengers Bengaluru,field,0.6666666666666666,0.25,0.6666666666666666,0.25,0.5,0.5,1.0,0.5,Delhi Capitals
335999,2008-05-01,2007/08,Deccan Chargers,Punjab Kings,"Rajiv Gandhi International Stadium, Uppal",Hyderabad,Punjab Kings,field,0.25,0.5,0.25,0.5,0.5,0.5,0.0,0.5,Punjab Kings
336000,2008-05-01,2007/08,Rajasthan Royals,Kolkata Knight Riders,Sawai Mansingh Stadium,Jaipur,Rajasthan Royals,bat,0.75,0.5,0.75,0.5,0.5,0.5,1.0,0.5,Rajasthan Royals
336001,2008-05-02,2007/08,Chennai Super Kings,Delhi Capitals,"MA Chidambaram Stadium, Chepauk",Chennai,Chennai Super Kings,bat,1.0,0.75,1.0,0.75,0.5,0.5,1.0,0.5,Delhi Capitals
336003,2008-05-03,2007/08,Punjab Kings,Kolkata Knight Riders,"Punjab Cricket Association Stadium, Mohali",Chandigarh,Punjab Kings,bat,0.6,0.4,0.6,0.4,0.5,0.5,0.6666666666666666,0.5,Punjab Kings
336034,2008-05-03,2007/08,Royal Challengers Bengaluru,Deccan Chargers,M Chinnaswamy Stadium,Bangalore,Deccan Chargers,field,0.2,0.2,0.2,0.2,0.5,0.5,0.0,0.5,Royal Challengers Bengaluru
336004,2008-05-04,2007/08,Mumbai Indians,Delhi Capitals,Dr DY Patil Sports Academy,Mumbai,Delhi Capitals,field,0.2,0.8,0.2,0.8,0.5,0.5,0.0,0.5,Mumbai Indians
336005,2008-05-04,2007/08,Rajasthan Royals,Chennai Super Kings,Sawai Mansingh Stadium,Jaipur,Chennai Super Kings,bat,0.8,0.8,0.8,0.8,0.5,0.5,1.0,0.5,Rajasthan Royals
336006,2008-05-05,2007/08,Royal Challengers Bengaluru,Punjab Kings,M Chinnaswamy Stadium,Bangalore,Punjab Kings,field,0.3333333333333333,0.6666666666666666,0.4,0.8,0.5,0.5,0.25,0.5,Punjab Kings
336007,2008-05-06,2007/08,Chennai Super Kings,Deccan Chargers,"MA Chidambaram Stadium, Chepauk",Chennai,Deccan Chargers,field,0.6666666666666666,0.1666666666666666,0.6,0.2,0.5,0.5,0.6666666666666666,0.5,Deccan Chargers
336008,2008-05-07,2007/08,Mumbai Indians,Rajasthan Royals,Dr DY Patil Sports Academy,Mumbai,Mumbai Indians,field,0.3333333333333333,0.8333333333333334,0.4,1.0,0.5,0.5,0.5,0.5,Mumbai Indians
336009,2008-05-08,2007/08,Delhi Capitals,Chennai Super Kings,Feroz Shah Kotla,Delhi,Chennai Super Kings,field,0.6666666666666666,0.5714285714285714,0.6,0.4,1.0,0.0,1.0,0.5,Chennai Super Kings
336010,2008-05-08,2007/08,Kolkata Knight Riders,Royal Challengers Bengaluru,Eden Gardens,Kolkata,Kolkata Knight Riders,bat,0.3333333333333333,0.2857142857142857,0.2,0.2,1.0,0.0,0.5,0.5,Kolkata Knight Riders
336011,2008-05-09,2007/08,Rajasthan Royals,Deccan Chargers,Sawai Mansingh Stadium,Jaipur,Rajasthan Royals,field,0.7142857142857143,0.2857142857142857,0.8,0.4,1.0,0.0,1.0,0.5,Rajasthan Royals
336013,2008-05-10,2007/08,Chennai Super Kings,Punjab Kings,"MA Chidambaram Stadium, Chepauk",Chennai,Punjab Kings,field,0.625,0.7142857142857143,0.4,1.0,1.0,0.0,0.5,0.5,Chennai Super Kings
336014,2008-05-11,2007/08,Deccan Chargers,Kolkata Knight Riders,"Rajiv Gandhi International Stadium, Uppal",Hyderabad,Kolkata Knight Riders,bat,0.25,0.4285714285714285,0.4,0.2,0.0,1.0,0.0,0.5,Kolkata Knight Riders
336015,2008-05-11,2007/08,Rajasthan Royals,Delhi Capitals,Sawai Mansingh Stadium,Jaipur,Rajasthan Royals,field,0.75,0.5714285714285714,0.8,0.4,0.0,1.0,1.0,0.5,Rajasthan Royals
336016,2008-05-12,2007/08,Punjab Kings,Royal Challengers Bengaluru,"Punjab Cricket Association Stadium, Mohali",Chandigarh,Royal Challengers Bengaluru,bat,0.625,0.25,0.8,0.2,1.0,0.0,0.75,0.5,Punjab Kings
336017,2008-05-13,2007/08,Kolkata Knight Riders,Delhi Capitals,Eden Gardens,Kolkata,Kolkata Knight Riders,bat,0.5,0.5,0.4,0.4,0.5,0.5,0.6666666666666666,0.5,Kolkata Knight Riders
336018,2008-05-14,2007/08,Mumbai Indians,Chennai Super Kings,Wankhede Stadium,Mumbai,Mumbai Indians,field,0.4285714285714285,0.6666666666666666,0.6,0.4,0.0,1.0,0.0,0.5,Mumbai Indians
336020,2008-05-15,2007/08,Delhi Capitals,Deccan Chargers,Feroz Shah Kotla,Delhi,Deccan Chargers,field,0.4444444444444444,0.2222222222222222,0.2,0.2,1.0,0.0,0.6666666666666666,0.5,Delhi Capitals
336021,2008-05-16,2007/08,Mumbai Indians,Kolkata Knight Riders,Wankhede Stadium,Mumbai,Mumbai Indians,field,0.5,0.5555555555555556,0.8,0.6,1.0,0.0,0.5,0.5,Mumbai Indians
336022,2008-05-17,2007/08,Delhi Capitals,Punjab Kings,Feroz Shah Kotla,Delhi,Delhi Capitals,bat,0.5,0.6666666666666666,0.2,0.8,0.0,1.0,0.75,0.5,Punjab Kings
336023,2008-05-17,2007/08,Rajasthan Royals,Royal Challengers Bengaluru,Sawai Mansingh Stadium,Jaipur,Royal Challengers Bengaluru,field,0.7777777777777778,0.2222222222222222,0.8,0.2,1.0,0.0,1.0,0.5,Rajasthan Royals
336024,2008-05-18,2007/08,Deccan Chargers,Mumbai Indians,"Rajiv Gandhi International Stadium, Uppal",Hyderabad,Deccan Chargers,field,0.2,0.5555555555555556,0.2,1.0,1.0,0.0,0.0,0.5,Mumbai Indians
336025,2008-05-18,2007/08,Kolkata Knight Riders,Chennai Super Kings,Eden Gardens,Kolkata,Kolkata Knight Riders,bat,0.5,0.6,0.6,0.4,0.0,1.0,0.75,0.5,Chennai Super Kings
336026,2008-05-19,2007/08,Royal Challengers Bengaluru,Delhi Capitals,M Chinnaswamy Stadium,Bangalore,Delhi Capitals,field,0.2,0.4545454545454545,0.2,0.2,0.0,1.0,0.2,0.5,Delhi Capitals
336027,2008-05-20,2007/08,Kolkata Knight Riders,Rajasthan Royals,Eden Gardens,Kolkata,Rajasthan Royals,field,0.4545454545454545,0.8,0.6,0.8,0.0,1.0,0.6,0.5,Rajasthan Royals
336028,2008-05-21,2007/08,Mumbai Indians,Punjab Kings,Wankhede Stadium,Mumbai,Mumbai Indians,field,0.6,0.7,1.0,0.8,0.0,1.0,0.6666666666666666,0.5,Punjab Kings
336029,2008-05-21,2007/08,Chennai Super Kings,Royal Challengers Bengaluru,"MA Chidambaram Stadium, Chepauk",Chennai,Royal Challengers Bengaluru,bat,0.6363636363636364,0.1818181818181818,0.6,0.0,1.0,0.0,0.6,0.5,Royal Challengers Bengaluru
336031,2008-05-23,2007/08,Punjab Kings,Deccan Chargers,"Punjab Cricket Association Stadium, Mohali",Chandigarh,Punjab Kings,field,0.7272727272727273,0.1818181818181818,0.8,0.2,1.0,0.0,0.8,0.5,Punjab Kings
336032,2008-05-24,2007/08,Delhi Capitals,Mumbai Indians,Feroz Shah Kotla,Delhi,Delhi Capitals,field,0.5,0.5454545454545454,0.4,0.8,0.0,1.0,0.6,0.5,Delhi Capitals
336033,2008-05-24,2007/08,Chennai Super Kings,Rajasthan Royals,"MA Chidambaram Stadium, Chepauk",Chennai,Rajasthan Royals,bat,0.5833333333333334,0.8181818181818182,0.6,0.8,0.0,1.0,0.5,0.5,Rajasthan Royals
336002,2008-05-25,2007/08,Deccan Chargers,Royal Challengers Bengaluru,"Rajiv Gandhi International Stadium, Uppal",Hyderabad,Deccan Chargers,bat,0.1666666666666666,0.25,0.0,0.2,0.0,1.0,0.0,0.5,Royal Challengers Bengaluru
336035,2008-05-25,2007/08,Kolkata Knight Riders,Punjab Kings,Eden Gardens,Kolkata,Punjab Kings,bat,0.4166666666666667,0.75,0.4,0.8,0.0,1.0,0.5,0.5,Kolkata Knight Riders
336036,2008-05-26,2007/08,Rajasthan Royals,Mumbai Indians,Sawai Mansingh Stadium,Jaipur,Rajasthan Royals,field,0.8333333333333334,0.5,1.0,0.6,0.0,1.0,1.0,0.5,Rajasthan Royals
336037,2008-05-27,2007/08,Deccan Chargers,Chennai Super Kings,"Rajiv Gandhi International Stadium, Uppal",Hyderabad,Deccan Chargers,bat,0.1538461538461538,0.5384615384615384,0.0,0.4,1.0,0.0,0.0,0.5,Chennai Super Kings
336012,2008-05-28,2007/08,Royal Challengers Bengaluru,Mumbai Indians,M Chinnaswamy Stadium,Bangalore,Mumbai Indians,field,0.3076923076923077,0.4615384615384615,0.4,0.4,1.0,0.0,0.1666666666666666,0.5,Mumbai Indians
336019,2008-05-28,2007/08,Punjab Kings,Rajasthan Royals,"Punjab Cricket Association Stadium, Mohali",Chandigarh,Rajasthan Royals,field,0.6923076923076923,0.8461538461538461,0.8,1.0,0.0,1.0,0.8333333333333334,0.5,Punjab Kings
336038,2008-05-30,2007/08,Delhi Capitals,Rajasthan Royals,Wankhede Stadium,Mumbai,Delhi Capitals,field,0.5384615384615384,0.7857142857142857,0.6,0.8,0.5,0.5,0.5,0.5,Rajasthan Royals
336039,2008-05-31,2007/08,Chennai Super Kings,Punjab Kings,Wankhede Stadium,Mumbai,Punjab Kings,bat,0.5714285714285714,0.7142857142857143,0.4,0.8,1.0,0.0,0.0,1.0,Chennai Super Kings
336040,2008-06-01,2007/08,Chennai Super Kings,Rajasthan Royals,Dr DY Patil Sports Academy,Mumbai,Rajasthan Royals,field,0.6,0.8,0.6,0.8,0.0,1.0,0.5,0.0,Rajasthan Royals
392181,2009-04-18,2009,Chennai Super Kings,Mumbai Indians,Newlands,Cape Town,Chennai Super Kings,field,0.5625,0.5,0.4,0.4,0.5,0.5,0.5,0.5,Mumbai Indians
392182,2009-04-18,2009,Royal Challengers Bengaluru,Rajasthan Royals,Newlands,Cape Town,Royal Challengers Bengaluru,bat,0.2857142857142857,0.8125,0.4,0.8,0.0,1.0,0.5,0.5,Royal Challengers Bengaluru
392183,2009-04-19,2009,Delhi Capitals,Punjab Kings,Newlands,Cape Town,Delhi Capitals,field,0.5,0.6666666666666666,0.6,0.6,0.0,1.0,0.5,0.5,Delhi Capitals
392184,2009-04-19,2009,Deccan Chargers,Kolkata Knight Riders,Newlands,Cape Town,Kolkata Knight Riders,bat,0.1428571428571428,0.4615384615384615,0.0,0.4,0.0,1.0,0.5,0.5,Deccan Chargers
392185,2009-04-20,2009,Royal Challengers Bengaluru,Chennai Super Kings,St George's Park,Port Elizabeth,Chennai Super Kings,bat,0.3333333333333333,0.5294117647058824,0.6,0.4,0.5,0.5,0.5,0.5,Chennai Super Kings
392186,2009-04-21,2009,Punjab Kings,Kolkata Knight Riders,Kingsmead,Durban,Kolkata Knight Riders,field,0.625,0.4285714285714285,0.4,0.2,0.5,0.5,0.5,0.5,Kolkata Knight Riders
392188,2009-04-22,2009,Royal Challengers Bengaluru,Deccan Chargers,Newlands,Cape Town,Deccan Chargers,bat,0.3125,0.2,0.6,0.2,1.0,0.0,1.0,1.0,Deccan Chargers
392189,2009-04-23,2009,Chennai Super Kings,Delhi Capitals,Kingsmead,Durban,Delhi Capitals,bat,0.5555555555555556,0.5333333333333333,0.6,0.6,0.5,0.5,0.5,0.5,Delhi Capitals
392190,2009-04-23,2009,Kolkata Knight Riders,Rajasthan Royals,Newlands,Cape Town,Kolkata Knight Riders,field,0.4666666666666667,0.7647058823529411,0.4,0.6,0.0,1.0,0.0,0.0,No Result
392191,2009-04-24,2009,Royal Challengers Bengaluru,Punjab Kings,Kingsmead,Durban,Royal Challengers Bengaluru,bat,0.2941176470588235,0.5882352941176471,0.4,0.2,0.0,1.0,0.5,0.0,Punjab Kings
392192,2009-04-25,2009,Deccan Chargers,Mumbai Indians,Kingsmead,Durban,Deccan Chargers,bat,0.25,0.5333333333333333,0.4,0.4,0.5,0.5,0.5,0.5,Deccan Chargers
392194,2009-04-26,2009,Royal Challengers Bengaluru,Delhi Capitals,St George's Park,Port Elizabeth,Royal Challengers Bengaluru,bat,0.2777777777777778,0.5625,0.2,0.8,0.0,1.0,0.0,0.5,Delhi Capitals
392195,2009-04-26,2009,Punjab Kings,Rajasthan Royals,Newlands,Cape Town,Punjab Kings,bat,0.6111111111111112,0.7222222222222222,0.4,0.6,0.5,0.5,0.0,0.0,Punjab Kings
392196,2009-04-27,2009,Chennai Super Kings,Deccan Chargers,Kingsmead,Durban,Deccan Chargers,field,0.5263157894736842,0.2941176470588235,0.4,0.6,0.5,0.5,0.0,1.0,Deccan Chargers
392197,2009-04-27,2009,Kolkata Knight Riders,Mumbai Indians,St George's Park,Port Elizabeth,Mumbai Indians,bat,0.4375,0.5,0.4,0.4,0.0,1.0,0.5,0.5,Mumbai Indians
392198,2009-04-28,2009,Delhi Capitals,Rajasthan Royals,SuperSport Park,Centurion,Delhi Capitals,bat,0.5882352941176471,0.6842105263157895,0.8,0.4,0.3333333333333333,0.6666666666666666,0.5,0.5,Rajasthan Royals
392199,2009-04-29,2009,Royal Challengers Bengaluru,Kolkata Knight Riders,Kingsmead,Durban,Kolkata Knight Riders,bat,0.2631578947368421,0.4117647058823529,0.2,0.4,0.0,1.0,0.0,1.0,Royal Challengers Bengaluru
392200,2009-04-29,2009,Punjab Kings,Mumbai Indians,Kingsmead,Durban,Punjab Kings,bat,0.631578947368421,0.5294117647058824,0.4,0.6,1.0,0.0,0.5,0.0,Punjab Kings
392201,2009-04-30,2009,Deccan Chargers,Delhi Capitals,SuperSport Park,Centurion,Delhi Capitals,field,0.3333333333333333,0.5555555555555556,0.8,0.6,0.0,1.0,0.5,0.0,Delhi Capitals
392202,2009-04-30,2009,Chennai Super Kings,Rajasthan Royals,SuperSport Park,Centurion,Rajasthan Royals,field,0.5,0.7,0.2,0.6,0.0,1.0,0.5,1.0,Chennai Super Kings
392203,2009-05-01,2009,Kolkata Knight Riders,Mumbai Indians,Buffalo Park,East London,Mumbai Indians,bat,0.3888888888888889,0.5,0.4,0.6,0.0,1.0,0.5,0.5,Mumbai Indians
392204,2009-05-01,2009,Royal Challengers Bengaluru,Punjab Kings,Kingsmead,Durban,Royal Challengers Bengaluru,bat,0.3,0.65,0.2,0.6,0.0,1.0,0.5,0.6666666666666666,Royal Challengers Bengaluru
392205,2009-05-02,2009,Deccan Chargers,Rajasthan Royals,St George's Park,Port Elizabeth,Deccan Chargers,bat,0.3157894736842105,0.6666666666666666,0.8,0.4,0.0,1.0,0.5,0.5,Rajasthan Royals
392206,2009-05-02,2009,Chennai Super Kings,Delhi Capitals,New Wanderers Stadium,Johannesburg,Delhi Capitals,field,0.5238095238095238,0.5789473684210527,0.4,0.8,0.3333333333333333,0.6666666666666666,0.5,0.5,Chennai Super Kings
392207,2009-05-03,2009,Punjab Kings,Kolkata Knight Riders,St George's Park,Port Elizabeth,Kolkata Knight Riders,bat,0.6190476190476191,0.3684210526315789,0.6,0.2,0.3333333333333333,0.6666666666666666,0.5,0.0,Punjab Kings
392208,2009-05-03,2009,Royal Challengers Bengaluru,Mumbai Indians,New Wanderers Stadium,Johannesburg,Mumbai Indians,bat,0.3333333333333333,0.5263157894736842,0.4,0.6,0.5,0.5,0.5,0.5,Royal Challengers Bengaluru
392209,2009-05-04,2009,Chennai Super Kings,Deccan Chargers,Buffalo Park,East London,Chennai Super Kings,bat,0.5454545454545454,0.3,0.6,0.6,0.3333333333333333,0.6666666666666666,0.5,0.5,Chennai Super Kings
392210,2009-05-05,2009,Punjab Kings,Rajasthan Royals,Kingsmead,Durban,Punjab Kings,field,0.6363636363636364,0.6818181818181818,0.8,0.4,0.6666666666666666,0.3333333333333333,0.5,0.5,Rajasthan Royals
392211,2009-05-05,2009,Delhi Capitals,Kolkata Knight Riders,Kingsmead,Durban,Kolkata Knight Riders,bat,0.55,0.35,0.6,0.2,0.0,1.0,1.0,0.5,Delhi Capitals
392212,2009-05-06,2009,Deccan Chargers,Mumbai Indians,SuperSport Park,Centurion,Deccan Chargers,bat,0.2857142857142857,0.5,0.4,0.4,0.6666666666666666,0.3333333333333333,0.0,0.5,Deccan Chargers
392213,2009-05-07,2009,Royal Challengers Bengaluru,Rajasthan Royals,SuperSport Park,Centurion,Rajasthan Royals,field,0.3636363636363636,0.6956521739130435,0.6,0.6,0.3333333333333333,0.6666666666666666,0.5,0.5,Rajasthan Royals
392214,2009-05-07,2009,Chennai Super Kings,Punjab Kings,SuperSport Park,Centurion,Chennai Super Kings,bat,0.5652173913043478,0.6086956521739131,0.6,0.6,1.0,0.0,1.0,0.5,Chennai Super Kings
392215,2009-05-08,2009,Delhi Capitals,Mumbai Indians,Buffalo Park,East London,Mumbai Indians,bat,0.5714285714285714,0.4761904761904761,0.6,0.4,0.5,0.5,0.5,1.0,Delhi Capitals
392216,2009-05-09,2009,Deccan Chargers,Punjab Kings,De Beers Diamond Oval,Kimberley,Punjab Kings,field,0.3181818181818182,0.5833333333333334,0.4,0.4,0.0,1.0,0.5,0.5,Punjab Kings
392217,2009-05-09,2009,Chennai Super Kings,Rajasthan Royals,De Beers Diamond Oval,Kimberley,Rajasthan Royals,bat,0.5833333333333334,0.7083333333333334,0.8,0.8,0.25,0.75,0.5,0.5,Chennai Super Kings
392218,2009-05-10,2009,Royal Challengers Bengaluru,Mumbai Indians,St George's Park,Port Elizabeth,Mumbai Indians,bat,0.3478260869565217,0.4545454545454545,0.6,0.2,0.6666666666666666,0.3333333333333333,0.0,1.0,Mumbai Indians
392219,2009-05-10,2009,Delhi Capitals,Kolkata Knight Riders,New Wanderers Stadium,Johannesburg,Delhi Capitals,field,0.5909090909090909,0.3333333333333333,0.6,0.0,0.5,0.5,0.0,0.5,Delhi Capitals
392220,2009-05-11,2009,Deccan Chargers,Rajasthan Royals,De Beers Diamond Oval,Kimberley,Deccan Chargers,bat,0.3043478260869565,0.68,0.2,0.6,0.0,1.0,0.0,0.0,Deccan Chargers
392221,2009-05-12,2009,Royal Challengers Bengaluru,Kolkata Knight Riders,SuperSport Park,Centurion,Royal Challengers Bengaluru,field,0.3333333333333333,0.3181818181818182,0.6,0.0,0.3333333333333333,0.6666666666666666,0.0,0.5,Royal Challengers Bengaluru
392222,2009-05-12,2009,Punjab Kings,Mumbai Indians,SuperSport Park,Centurion,Punjab Kings,bat,0.6,0.4782608695652174,0.4,0.4,1.0,0.0,0.0,0.0,Mumbai Indians
392223,2009-05-13,2009,Deccan Chargers,Delhi Capitals,Kingsmead,Durban,Deccan Chargers,field,0.3333333333333333,0.6086956521739131,0.4,0.8,0.0,1.0,1.0,1.0,Delhi Capitals
392224,2009-05-14,2009,Royal Challengers Bengaluru,Chennai Super Kings,Kingsmead,Durban,Chennai Super Kings,bat,0.36,0.6,0.6,1.0,0.3333333333333333,0.6666666666666666,0.6666666666666666,0.0,Royal Challengers Bengaluru
392225,2009-05-14,2009,Mumbai Indians,Rajasthan Royals,Kingsmead,Durban,Rajasthan Royals,bat,0.5,0.6538461538461539,0.4,0.6,0.5,0.5,0.0,1.0,Rajasthan Royals
392226,2009-05-15,2009,Delhi Capitals,Punjab Kings,OUTsurance Oval,Bloemfontein,Punjab Kings,field,0.625,0.5769230769230769,0.8,0.4,0.3333333333333333,0.6666666666666666,0.5,0.5,Punjab Kings
392227,2009-05-16,2009,Chennai Super Kings,Mumbai Indians,St George's Park,Port Elizabeth,Mumbai Indians,bat,0.5769230769230769,0.48,0.8,0.4,0.3333333333333333,0.6666666666666666,1.0,1.0,Chennai Super Kings
392228,2009-05-16,2009,Deccan Chargers,Kolkata Knight Riders,New Wanderers Stadium,Johannesburg,Deccan Chargers,field,0.32,0.3043478260869565,0.4,0.0,0.3333333333333333,0.6666666666666666,0.5,0.0,Deccan Chargers
392229,2009-05-17,2009,Deccan Chargers,Punjab Kings,New Wanderers Stadium,Johannesburg,Deccan Chargers,field,0.3461538461538461,0.5925925925925926,0.6,0.4,0.0,1.0,1.0,0.5,Punjab Kings
392230,2009-05-17,2009,Delhi Capitals,Rajasthan Royals,OUTsurance Oval,Bloemfontein,Delhi Capitals,bat,0.6,0.6666666666666666,0.8,0.6,0.25,0.75,0.0,0.5,Delhi Capitals
392231,2009-05-18,2009,Chennai Super Kings,Kolkata Knight Riders,SuperSport Park,Centurion,Chennai Super Kings,bat,0.5925925925925926,0.2916666666666667,0.8,0.0,1.0,0.0,1.0,0.0,Kolkata Knight Riders
392232,2009-05-19,2009,Royal Challengers Bengaluru,Delhi Capitals,New Wanderers Stadium,Johannesburg,Delhi Capitals,bat,0.3846153846153846,0.6153846153846154,0.6,0.8,0.0,1.0,1.0,0.5,Royal Challengers Bengaluru
392233,2009-05-20,2009,Kolkata Knight Riders,Rajasthan Royals,Kingsmead,Durban,Kolkata Knight Riders,field,0.32,0.6428571428571429,0.2,0.4,0.0,1.0,0.3333333333333333,1.0,Kolkata Knight Riders
392234,2009-05-20,2009,Chennai Super Kings,Punjab Kings,Kingsmead,Durban,Chennai Super Kings,bat,0.5714285714285714,0.6071428571428571,0.6,0.6,1.0,0.0,0.0,0.4,Chennai Super Kings
392235,2009-05-21,2009,Delhi Capitals,Mumbai Indians,SuperSport Park,Centurion,Delhi Capitals,field,0.5925925925925926,0.4615384615384615,0.6,0.4,0.6666666666666666,0.3333333333333333,0.5,0.5,Delhi Capitals
392236,2009-05-21,2009,Royal Challengers Bengaluru,Deccan Chargers,SuperSport Park,Centurion,Royal Challengers Bengaluru,bat,0.4074074074074074,0.3333333333333333,0.6,0.4,0.6666666666666666,0.3333333333333333,0.5,0.5,Royal Challengers Bengaluru
392237,2009-05-22,2009,Delhi Capitals,Deccan Chargers,SuperSport Park,Centurion,Deccan Chargers,field,0.6071428571428571,0.3214285714285714,0.6,0.4,1.0,0.0,0.6666666666666666,0.3333333333333333,Deccan Chargers
392238,2009-05-23,2009,Royal Challengers Bengaluru,Chennai Super Kings,New Wanderers Stadium,Johannesburg,Royal Challengers Bengaluru,field,0.4285714285714285,0.5862068965517241,0.8,0.6,0.5,0.5,1.0,1.0,Royal Challengers Bengaluru
392239,2009-05-24,2009,Royal Challengers Bengaluru,Deccan Chargers,New Wanderers Stadium,Johannesburg,Royal Challengers Bengaluru,field,0.4482758620689655,0.3448275862068966,1.0,0.4,0.75,0.25,1.0,0.5,Deccan Chargers
419106,2010-03-12,2009/10,Deccan Chargers,Kolkata Knight Riders,Dr DY Patil Sports Academy,Mumbai,Deccan Chargers,field,0.3666666666666666,0.3461538461538461,0.6,0.4,0.5,0.5,1.0,0.5,Kolkata Knight Riders
419107,2010-03-13,2009/10,Mumbai Indians,Rajasthan Royals,Brabourne Stadium,Mumbai,Mumbai Indians,bat,0.4444444444444444,0.6206896551724138,0.4,0.2,0.3333333333333333,0.6666666666666666,0.5,0.5,Mumbai Indians
419108,2010-03-13,2009/10,Punjab Kings,Delhi Capitals,"Punjab Cricket Association Stadium, Mohali",Chandigarh,Delhi Capitals,field,0.5862068965517241,0.5862068965517241,0.6,0.4,0.75,0.25,0.8571428571428571,0.0,Delhi Capitals
419109,2010-03-14,2009/10,Kolkata Knight Riders,Royal Challengers Bengaluru,Eden Gardens,Kolkata,Kolkata Knight Riders,field,0.3703703703703703,0.4333333333333333,0.6,0.8,0.5,0.5,0.5714285714285714,0.0,Kolkata Knight Riders
419110,2010-03-14,2009/10,Chennai Super Kings,Deccan Chargers,"MA Chidambaram Stadium, Chepauk",Chennai,Deccan Chargers,bat,0.5666666666666667,0.3548387096774194,0.4,0.4,0.5,0.5,0.4285714285714285,1.0,Deccan Chargers
419111,2010-03-15,2009/10,Rajasthan Royals,Delhi Capitals,"Sardar Patel Stadium, Motera",Ahmedabad,Delhi Capitals,field,0.6,0.6,0.2,0.6,0.6,0.4,0.5,0.5,Delhi Capitals
419112,2010-03-16,2009/10,Royal Challengers Bengaluru,Punjab Kings,M Chinnaswamy Stadium,Bangalore,Punjab Kings,bat,0.4193548387096774,0.5666666666666667,0.6,0.4,0.25,0.75,0.1428571428571428,1.0,Royal Challengers Bengaluru
419113,2010-03-16,2009/10,Kolkata Knight Riders,Chennai Super Kings,Eden Gardens,Kolkata,Chennai Super Kings,bat,0.3928571428571428,0.5483870967741935,0.8,0.4,0.3333333333333333,0.6666666666666666,0.625,1.0,Chennai Super Kings
419114,2010-03-17,2009/10,Delhi Capitals,Mumbai Indians,Feroz Shah Kotla,Delhi,Delhi Capitals,field,0.6129032258064516,0.4642857142857143,0.6,0.4,0.75,0.25,0.6666666666666666,0.0,Mumbai Indians
419115,2010-03-18,2009/10,Royal Challengers Bengaluru,Rajasthan Royals,M Chinnaswamy Stadium,Bangalore,Royal Challengers Bengaluru,field,0.4375,0.5806451612903226,0.6,0.2,0.25,0.75,0.25,1.0,Royal Challengers Bengaluru
419116,2010-03-19,2009/10,Delhi Capitals,Chennai Super Kings,Feroz Shah Kotla,Delhi,Delhi Capitals,bat,0.59375,0.5625,0.6,0.4,0.5,0.5,0.5714285714285714,1.0,Chennai Super Kings
419117,2010-03-19,2009/10,Deccan Chargers,Punjab Kings,Barabati Stadium,Cuttack,Punjab Kings,field,0.375,0.5483870967741935,0.6,0.4,0.0,1.0,0.5,0.5,Deccan Chargers
419118,2010-03-20,2009/10,Rajasthan Royals,Kolkata Knight Riders,"Sardar Patel Stadium, Motera",Ahmedabad,Rajasthan Royals,bat,0.5625,0.3793103448275862,0.0,0.8,0.6666666666666666,0.3333333333333333,0.0,0.5,Rajasthan Royals
419119,2010-03-20,2009/10,Mumbai Indians,Royal Challengers Bengaluru,Brabourne Stadium,Mumbai,Mumbai Indians,bat,0.4827586206896552,0.4545454545454545,0.4,0.6,0.5,0.5,1.0,0.5,Royal Challengers Bengaluru
419120,2010-03-21,2009/10,Deccan Chargers,Delhi Capitals,Barabati Stadium,Cuttack,Deccan Chargers,bat,0.3939393939393939,0.5757575757575758,0.8,0.4,0.2,0.8,1.0,0.5,Deccan Chargers
419121,2010-03-21,2009/10,Chennai Super Kings,Punjab Kings,"MA Chidambaram Stadium, Chepauk",Chennai,Chennai Super Kings,field,0.5757575757575758,0.53125,0.6,0.2,1.0,0.0,0.375,0.0,No Result
419122,2010-03-22,2009/10,Mumbai Indians,Kolkata Knight Riders,Brabourne Stadium,Mumbai,Kolkata Knight Riders,bat,0.4666666666666667,0.3666666666666666,0.4,0.6,1.0,0.0,0.5,0.5,Mumbai Indians
419123,2010-03-23,2009/10,Royal Challengers Bengaluru,Chennai Super Kings,M Chinnaswamy Stadium,Bangalore,Chennai Super Kings,field,0.4705882352941176,0.5588235294117647,0.6,0.6,0.6,0.4,0.3333333333333333,1.0,Royal Challengers Bengaluru
419124,2010-03-24,2009/10,Punjab Kings,Rajasthan Royals,"Punjab Cricket Association Stadium, Mohali",Chandigarh,Punjab Kings,field,0.5151515151515151,0.5757575757575758,0.2,0.2,0.5,0.5,0.75,0.0,Rajasthan Royals
419125,2010-03-25,2009/10,Chennai Super Kings,Mumbai Indians,"Brabourne Stadium, Mumbai",Mumbai,Mumbai Indians,field,0.5428571428571428,0.4838709677419355,0.4,0.6,0.5,0.5,0.5,0.5,Mumbai Indians
419128,2010-03-25,2009/10,Royal Challengers Bengaluru,Delhi Capitals,M Chinnaswamy Stadium,Bangalore,Royal Challengers Bengaluru,field,0.4857142857142857,0.5588235294117647,0.8,0.4,0.25,0.75,0.4,1.0,Delhi Capitals
419126,2010-03-26,2009/10,Rajasthan Royals,Deccan Chargers,"Sardar Patel Stadium, Motera",Ahmedabad,Deccan Chargers,bat,0.5882352941176471,0.4117647058823529,0.4,0.8,0.75,0.25,0.5,0.5,Rajasthan Royals
419127,2010-03-27,2009/10,Punjab Kings,Kolkata Knight Riders,"Punjab Cricket Association Stadium, Mohali",Chandigarh,Kolkata Knight Riders,bat,0.5,0.3548387096774194,0.0,0.4,0.5,0.5,0.6666666666666666,0.0,Kolkata Knight Riders
419129,2010-03-28,2009/10,Rajasthan Royals,Chennai Super Kings,"Sardar Patel Stadium, Motera",Ahmedabad,Rajasthan Royals,bat,0.6,0.5277777777777778,0.6,0.4,0.6,0.4,0.6666666666666666,0.5,Rajasthan Royals
419130,2010-03-28,2009/10,Deccan Chargers,Mumbai Indians,Dr DY Patil Sports Academy,Mumbai,Deccan Chargers,field,0.4,0.5,0.6,0.8,0.75,0.25,0.5,0.6666666666666666,Mumbai Indians
419131,2010-03-29,2009/10,Delhi Capitals,Kolkata Knight Riders,Feroz Shah Kotla,Delhi,Delhi Capitals,bat,0.5714285714285714,0.375,0.4,0.4,0.6666666666666666,0.3333333333333333,0.5,0.5,Delhi Capitals
419132,2010-03-30,2009/10,Mumbai Indians,Punjab Kings,Brabourne Stadium,Mumbai,Mumbai Indians,field,0.5151515151515151,0.4857142857142857,0.8,0.0,0.25,0.75,0.6666666666666666,0.5,Mumbai Indians
419133,2010-03-31,2009/10,Chennai Super Kings,Royal Challengers Bengaluru,"MA Chidambaram Stadium, Chepauk",Chennai,Royal Challengers Bengaluru,bat,0.5135135135135135,0.4722222222222222,0.4,0.8,0.3333333333333333,0.6666666666666666,0.3333333333333333,1.0,Chennai Super Kings
419134,2010-03-31,2009/10,Delhi Capitals,Rajasthan Royals,Feroz Shah Kotla,Delhi,Delhi Capitals,bat,0.5833333333333334,0.6111111111111112,0.4,0.8,0.5,0.5,0.5555555555555556,0.0,Delhi Capitals
419135,2010-04-01,2009/10,Kolkata Knight Riders,Deccan Chargers,Eden Gardens,Kolkata,Kolkata Knight Riders,bat,0.3636363636363636,0.3888888888888889,0.2,0.6,0.6,0.4,0.5555555555555556,0.0,Kolkata Knight Riders
419136,2010-04-02,2009/10,Punjab Kings,Royal Challengers Bengaluru,"Punjab Cricket Association Stadium, Mohali",Chandigarh,Punjab Kings,bat,0.4722222222222222,0.4594594594594595,0.0,0.6,0.6,0.4,0.6,0.0,Royal Challengers Bengaluru
419137,2010-04-03,2009/10,Chennai Super Kings,Rajasthan Royals,"MA Chidambaram Stadium, Chepauk",Chennai,Chennai Super Kings,bat,0.5263157894736842,0.5945945945945946,0.4,0.8,0.3333333333333333,0.6666666666666666,0.4,1.0,Chennai Super Kings
419138,2010-04-03,2009/10,Mumbai Indians,Deccan Chargers,Brabourne Stadium,Mumbai,Mumbai Indians,bat,0.5294117647058824,0.3783783783783784,0.8,0.4,0.4,0.6,0.75,0.5,Mumbai Indians
419139,2010-04-04,2009/10,Kolkata Knight Riders,Punjab Kings,Eden Gardens,Kolkata,Kolkata Knight Riders,bat,0.3823529411764705,0.4594594594594595,0.4,0.0,0.6,0.4,0.6,0.0,Punjab Kings
419140,2010-04-04,2009/10,Delhi Capitals,Royal Challengers Bengaluru,Feroz Shah Kotla,Delhi,Delhi Capitals,bat,0.5945945945945946,0.4736842105263157,0.6,0.6,0.8,0.2,0.6,0.0,Delhi Capitals
419141,2010-04-05,2009/10,Deccan Chargers,Rajasthan Royals,"Vidarbha Cricket Association Stadium, Jamtha",Nagpur,Rajasthan Royals,bat,0.3684210526315789,0.5789473684210527,0.2,0.6,0.2,0.8,0.5,0.5,Rajasthan Royals
419142,2010-04-06,2009/10,Chennai Super Kings,Mumbai Indians,"MA Chidambaram Stadium, Chepauk",Chennai,Chennai Super Kings,bat,0.5384615384615384,0.5428571428571428,0.4,1.0,0.4,0.6,0.4545454545454545,0.0,Chennai Super Kings
419143,2010-04-07,2009/10,Rajasthan Royals,Punjab Kings,Sawai Mansingh Stadium,Jaipur,Punjab Kings,bat,0.5897435897435898,0.4736842105263157,0.6,0.2,0.6,0.4,1.0,0.0,Rajasthan Royals
419144,2010-04-07,2009/10,Kolkata Knight Riders,Delhi Capitals,Eden Gardens,Kolkata,Kolkata Knight Riders,bat,0.3714285714285714,0.6052631578947368,0.4,0.8,0.25,0.75,0.5454545454545454,0.0,Kolkata Knight Riders
419145,2010-04-08,2009/10,Royal Challengers Bengaluru,Deccan Chargers,M Chinnaswamy Stadium,Bangalore,Deccan Chargers,field,0.4615384615384615,0.358974358974359,0.4,0.0,0.6,0.4,0.3636363636363636,0.0,Deccan Chargers
419146,2010-04-09,2009/10,Punjab Kings,Mumbai Indians,"Punjab Cricket Association Stadium, Mohali",Chandigarh,Mumbai Indians,bat,0.4615384615384615,0.5277777777777778,0.2,0.8,0.6,0.4,0.5454545454545454,0.0,Punjab Kings
419147,2010-04-10,2009/10,Deccan Chargers,Chennai Super Kings,"Vidarbha Cricket Association Stadium, Jamtha",Nagpur,Chennai Super Kings,bat,0.375,0.55,0.2,0.6,0.6,0.4,0.0,0.5,Deccan Chargers
419148,2010-04-10,2009/10,Royal Challengers Bengaluru,Kolkata Knight Riders,M Chinnaswamy Stadium,Bangalore,Royal Challengers Bengaluru,field,0.45,0.3888888888888889,0.2,0.6,0.4,0.6,0.3333333333333333,1.0,Royal Challengers Bengaluru
419149,2010-04-11,2009/10,Delhi Capitals,Punjab Kings,Feroz Shah Kotla,Delhi,Delhi Capitals,bat,0.5897435897435898,0.475,0.8,0.4,0.4,0.6,0.6363636363636364,1.0,Punjab Kings
419150,2010-04-11,2009/10,Rajasthan Royals,Mumbai Indians,Sawai Mansingh Stadium,Jaipur,Rajasthan Royals,field,0.6,0.5135135135135135,0.6,0.6,0.5,0.5,1.0,0.0,Mumbai Indians
419151,2010-04-12,2009/10,Deccan Chargers,Royal Challengers Bengaluru,"Vidarbha Cricket Association Stadium, Jamtha",Nagpur,Royal Challengers Bengaluru,field,0.3902439024390244,0.4634146341463415,0.4,0.4,0.5,0.5,0.5,0.5,Deccan Chargers
419152,2010-04-13,2009/10,Mumbai Indians,Delhi Capitals,Brabourne Stadium,Mumbai,Mumbai Indians,bat,0.5263157894736842,0.575,0.6,0.6,0.4,0.6,0.8,0.5,Mumbai Indians
419153,2010-04-13,2009/10,Chennai Super Kings,Kolkata Knight Riders,"MA Chidambaram Stadium, Chepauk",Chennai,Kolkata Knight Riders,bat,0.5365853658536586,0.3783783783783784,0.6,0.4,0.75,0.25,0.5,0.0,Chennai Super Kings
419154,2010-04-14,2009/10,Rajasthan Royals,Royal Challengers Bengaluru,Sawai Mansingh Stadium,Jaipur,Rajasthan Royals,bat,0.5853658536585366,0.4523809523809524,0.4,0.4,0.6,0.4,0.8888888888888888,0.0,Royal Challengers Bengaluru
419155,2010-04-15,2009/10,Chennai Super Kings,Delhi Capitals,"MA Chidambaram Stadium, Chepauk",Chennai,Chennai Super Kings,bat,0.5476190476190477,0.5609756097560976,0.8,0.4,0.6,0.4,0.5384615384615384,1.0,Delhi Capitals
419156,2010-04-16,2009/10,Punjab Kings,Deccan Chargers,Himachal Pradesh Cricket Association Stadium,Dharamsala,Deccan Chargers,field,0.4878048780487805,0.4047619047619047,0.6,0.6,0.8,0.2,0.5,0.5,Deccan Chargers
419157,2010-04-17,2009/10,Royal Challengers Bengaluru,Mumbai Indians,M Chinnaswamy Stadium,Bangalore,Royal Challengers Bengaluru,field,0.4651162790697674,0.5384615384615384,0.4,0.6,0.6,0.4,0.3846153846153846,1.0,Mumbai Indians
419158,2010-04-17,2009/10,Kolkata Knight Riders,Rajasthan Royals,Eden Gardens,Kolkata,Rajasthan Royals,bat,0.3684210526315789,0.5714285714285714,0.4,0.4,0.25,0.75,0.5833333333333334,1.0,Kolkata Knight Riders
419159,2010-04-18,2009/10,Punjab Kings,Chennai Super Kings,Himachal Pradesh Cricket Association Stadium,Dharamsala,Chennai Super Kings,field,0.4761904761904761,0.5348837209302325,0.6,0.6,0.0,1.0,0.0,0.5,Chennai Super Kings
419160,2010-04-18,2009/10,Delhi Capitals,Deccan Chargers,Feroz Shah Kotla,Delhi,Deccan Chargers,bat,0.5714285714285714,0.4186046511627907,0.4,0.8,0.6666666666666666,0.3333333333333333,0.5833333333333334,0.0,Deccan Chargers
419161,2010-04-19,2009/10,Kolkata Knight Riders,Mumbai Indians,Eden Gardens,Kolkata,Mumbai Indians,bat,0.3846153846153846,0.55,0.4,0.6,0.0,1.0,0.6153846153846154,1.0,Kolkata Knight Riders
419162,2010-04-21,2009/10,Royal Challengers Bengaluru,Mumbai Indians,Dr DY Patil Sports Academy,Mumbai,Mumbai Indians,bat,0.4545454545454545,0.5365853658536586,0.4,0.6,0.5,0.5,0.5,0.75,Mumbai Indians
419163,2010-04-22,2009/10,Chennai Super Kings,Deccan Chargers,Dr DY Patil Sports Academy,Mumbai,Chennai Super Kings,bat,0.5454545454545454,0.4318181818181818,0.6,1.0,0.3333333333333333,0.6666666666666666,0.0,0.3333333333333333,Chennai Super Kings
419164,2010-04-24,2009/10,Royal Challengers Bengaluru,Deccan Chargers,Dr DY Patil Sports Academy,Mumbai,Deccan Chargers,bat,0.4444444444444444,0.4222222222222222,0.4,0.8,0.4285714285714285,0.5714285714285714,0.0,0.25,Royal Challengers Bengaluru
419165,2010-04-25,2009/10,Chennai Super Kings,Mumbai Indians,Dr DY Patil Sports Academy,Mumbai,Chennai Super Kings,bat,0.5555555555555556,0.5476190476190477,0.6,0.8,0.5,0.5,0.5,0.8,Chennai Super Kings
501198,2011-04-08,2011,Chennai Super Kings,Kolkata Knight Riders,"MA Chidambaram Stadium, Chepauk",Chennai,Chennai Super Kings,bat,0.5652173913043478,0.4,0.8,0.6,0.8,0.2,0.5,0.0,Chennai Super Kings
501199,2011-04-09,2011,Deccan Chargers,Rajasthan Royals,"Rajiv Gandhi International Stadium, Uppal",Hyderabad,Rajasthan Royals,field,0.4130434782608695,0.5581395348837209,0.6,0.4,0.1666666666666666,0.8333333333333334,0.0,1.0,Rajasthan Royals
501200,2011-04-09,2011,Kochi Tuskers Kerala,Royal Challengers Bengaluru,Nehru Stadium,Kochi,Kochi Tuskers Kerala,bat,0.5,0.4565217391304347,0.5,0.4,0.5,0.5,0.5,0.5,Royal Challengers Bengaluru
501201,2011-04-10,2011,Delhi Capitals,Mumbai Indians,Feroz Shah Kotla,Delhi,Delhi Capitals,bat,0.5581395348837209,0.5348837209302325,0.2,0.6,0.5,0.5,0.5384615384615384,0.5,Mumbai Indians
501202,2011-04-10,2011,Pune Warriors,Punjab Kings,Dr DY Patil Sports Academy,Mumbai,Punjab Kings,bat,0.5,0.4651162790697674,0.5,0.4,0.5,0.5,0.5,0.5,Pune Warriors
501203,2011-04-11,2011,Kolkata Knight Riders,Deccan Chargers,Eden Gardens,Kolkata,Kolkata Knight Riders,bat,0.3902439024390244,0.4042553191489361,0.4,0.4,0.6666666666666666,0.3333333333333333,0.6428571428571429,0.0,Kolkata Knight Riders
501204,2011-04-12,2011,Rajasthan Royals,Delhi Capitals,Sawai Mansingh Stadium,Jaipur,Delhi Capitals,bat,0.5681818181818182,0.5454545454545454,0.4,0.2,0.4285714285714285,0.5714285714285714,0.8,0.0,Rajasthan Royals
501205,2011-04-12,2011,Royal Challengers Bengaluru,Mumbai Indians,M Chinnaswamy Stadium,Bangalore,Mumbai Indians,field,0.4680851063829787,0.5454545454545454,0.6,0.6,0.4285714285714285,0.5714285714285714,0.3571428571428571,1.0,Mumbai Indians
501206,2011-04-13,2011,Punjab Kings,Chennai Super Kings,"Punjab Cricket Association Stadium, Mohali",Chandigarh,Punjab Kings,field,0.4545454545454545,0.574468085106383,0.4,0.8,0.0,1.0,0.5833333333333334,1.0,Punjab Kings
501207,2011-04-13,2011,Pune Warriors,Kochi Tuskers Kerala,Dr DY Patil Sports Academy,Mumbai,Kochi Tuskers Kerala,bat,1.0,0.0,1.0,0.0,0.5,0.5,1.0,0.5,Pune Warriors
501208,2011-04-14,2011,Deccan Chargers,Royal Challengers Bengaluru,"Rajiv Gandhi International Stadium, Uppal",Hyderabad,Royal Challengers Bengaluru,field,0.3958333333333333,0.4583333333333333,0.2,0.4,0.5,0.5,0.0,1.0,Deccan Chargers
501209,2011-04-15,2011,Rajasthan Royals,Kolkata Knight Riders,Sawai Mansingh Stadium,Jaipur,Kolkata Knight Riders,field,0.5777777777777777,0.4047619047619047,0.4,0.6,0.6,0.4,0.8181818181818182,0.0,Kolkata Knight Riders
501210,2011-04-15,2011,Mumbai Indians,Kochi Tuskers Kerala,Wankhede Stadium,Mumbai,Kochi Tuskers Kerala,field,0.5555555555555556,0.0,0.6,0.0,0.5,0.5,0.5,0.5,Kochi Tuskers Kerala
501211,2011-04-16,2011,Chennai Super Kings,Royal Challengers Bengaluru,"MA Chidambaram Stadium, Chepauk",Chennai,Chennai Super Kings,bat,0.5625,0.4489795918367347,0.8,0.4,0.4285714285714285,0.5714285714285714,0.5333333333333333,0.5,Chennai Super Kings
501212,2011-04-16,2011,Deccan Chargers,Punjab Kings,"Rajiv Gandhi International Stadium, Uppal",Hyderabad,Punjab Kings,field,0.4081632653061224,0.4666666666666667,0.2,0.4,0.3333333333333333,0.6666666666666666,0.1111111111111111,1.0,Punjab Kings
501213,2011-04-17,2011,Pune Warriors,Delhi Capitals,Dr DY Patil Sports Academy,Mumbai,Delhi Capitals,field,1.0,0.5333333333333333,1.0,0.2,0.5,0.5,1.0,0.0,Delhi Capitals
501214,2011-04-17,2011,Kolkata Knight Riders,Rajasthan Royals,Eden Gardens,Kolkata,Kolkata Knight Riders,field,0.4186046511627907,0.5652173913043478,0.8,0.4,0.5,0.5,0.6666666666666666,0.5,Kolkata Knight Riders
501215,2011-04-18,2011,Kochi Tuskers Kerala,Chennai Super Kings,Nehru Stadium,Kochi,Kochi Tuskers Kerala,field,0.3333333333333333,0.5714285714285714,0.3333333333333333,0.8,0.5,0.5,0.0,0.5,Kochi Tuskers Kerala
501216,2011-04-19,2011,Delhi Capitals,Deccan Chargers,Feroz Shah Kotla,Delhi,Deccan Chargers,bat,0.5434782608695652,0.4,0.4,0.2,0.5714285714285714,0.4285714285714285,0.5,0.5,Deccan Chargers
501218,2011-04-20,2011,Mumbai Indians,Pune Warriors,Wankhede Stadium,Mumbai,Pune Warriors,bat,0.5434782608695652,0.6666666666666666,0.6,0.6666666666666666,0.5,0.5,0.4,0.5,Mumbai Indians
501219,2011-04-20,2011,Kolkata Knight Riders,Kochi Tuskers Kerala,Eden Gardens,Kolkata,Kolkata Knight Riders,field,0.4318181818181818,0.5,0.8,0.5,0.5,0.5,0.6875,0.5,Kochi Tuskers Kerala
501220,2011-04-21,2011,Punjab Kings,Rajasthan Royals,"Punjab Cricket Association Stadium, Mohali",Chandigarh,Rajasthan Royals,field,0.4782608695652174,0.5531914893617021,0.4,0.4,0.3333333333333333,0.6666666666666666,0.6153846153846154,0.5,Punjab Kings
501221,2011-04-22,2011,Mumbai Indians,Chennai Super Kings,Wankhede Stadium,Mumbai,Chennai Super Kings,field,0.5531914893617021,0.56,0.6,0.6,0.4285714285714285,0.5714285714285714,0.5,0.5,Mumbai Indians
501222,2011-04-22,2011,Kolkata Knight Riders,Royal Challengers Bengaluru,Eden Gardens,Kolkata,Royal Challengers Bengaluru,field,0.4222222222222222,0.44,0.6,0.4,0.5,0.5,0.6470588235294118,0.0,Royal Challengers Bengaluru
501223,2011-04-23,2011,Delhi Capitals,Punjab Kings,Feroz Shah Kotla,Delhi,Punjab Kings,field,0.5319148936170213,0.4893617021276595,0.2,0.6,0.3333333333333333,0.6666666666666666,0.4666666666666667,1.0,Delhi Capitals
501224,2011-04-24,2011,Deccan Chargers,Mumbai Indians,"Rajiv Gandhi International Stadium, Uppal",Hyderabad,Deccan Chargers,field,0.4117647058823529,0.5625,0.4,0.8,0.5,0.5,0.1,1.0,Mumbai Indians
501225,2011-04-24,2011,Rajasthan Royals,Kochi Tuskers Kerala,Sawai Mansingh Stadium,Jaipur,Rajasthan Royals,field,0.5416666666666666,0.6,0.4,0.6,0.5,0.5,0.75,0.5,Rajasthan Royals
501226,2011-04-25,2011,Chennai Super Kings,Pune Warriors,"MA Chidambaram Stadium, Chepauk",Chennai,Pune Warriors,field,0.5490196078431373,0.5,0.4,0.5,0.5,0.5,0.5625,0.5,Chennai Super Kings
501227,2011-04-26,2011,Delhi Capitals,Royal Challengers Bengaluru,Feroz Shah Kotla,Delhi,Royal Challengers Bengaluru,field,0.5416666666666666,0.4509803921568627,0.4,0.4,0.8333333333333334,0.1666666666666666,0.5,0.0,Royal Challengers Bengaluru
501228,2011-04-27,2011,Pune Warriors,Chennai Super Kings,Dr DY Patil Sports Academy,Mumbai,Pune Warriors,bat,0.4,0.5576923076923077,0.4,0.4,0.0,1.0,0.6666666666666666,0.6666666666666666,Chennai Super Kings
501229,2011-04-27,2011,Kochi Tuskers Kerala,Deccan Chargers,Nehru Stadium,Kochi,Kochi Tuskers Kerala,field,0.5,0.4038461538461538,0.6,0.4,0.5,0.5,0.5,0.5,Deccan Chargers
501230,2011-04-28,2011,Delhi Capitals,Kolkata Knight Riders,Feroz Shah Kotla,Delhi,Delhi Capitals,field,0.5306122448979592,0.4130434782608695,0.4,0.6,0.6,0.4,0.4705882352941176,0.0,Kolkata Knight Riders
501231,2011-04-29,2011,Rajasthan Royals,Mumbai Indians,Sawai Mansingh Stadium,Jaipur,Rajasthan Royals,field,0.5510204081632653,0.5714285714285714,0.4,0.8,0.4,0.6,0.7692307692307693,0.5,Rajasthan Royals
501232,2011-04-29,2011,Royal Challengers Bengaluru,Pune Warriors,M Chinnaswamy Stadium,Bangalore,Pune Warriors,field,0.4615384615384615,0.3333333333333333,0.4,0.2,0.5,0.5,0.3333333333333333,0.5,Royal Challengers Bengaluru
501233,2011-04-30,2011,Kochi Tuskers Kerala,Delhi Capitals,Nehru Stadium,Kochi,Delhi Capitals,bat,0.4285714285714285,0.52,0.6,0.4,0.5,0.5,0.3333333333333333,0.5,Delhi Capitals
501234,2011-04-30,2011,Kolkata Knight Riders,Punjab Kings,Eden Gardens,Kolkata,Kolkata Knight Riders,field,0.425531914893617,0.4791666666666667,0.6,0.6,0.5,0.5,0.6111111111111112,0.5,Kolkata Knight Riders
501235,2011-05-01,2011,Rajasthan Royals,Pune Warriors,Sawai Mansingh Stadium,Jaipur,Rajasthan Royals,field,0.56,0.2857142857142857,0.4,0.0,0.5,0.5,0.7857142857142857,0.5,Rajasthan Royals
501236,2011-05-01,2011,Chennai Super Kings,Deccan Chargers,"MA Chidambaram Stadium, Chepauk",Chennai,Chennai Super Kings,bat,0.5660377358490566,0.4150943396226415,0.6,0.6,0.4285714285714285,0.5714285714285714,0.5882352941176471,1.0,Chennai Super Kings
501237,2011-05-02,2011,Mumbai Indians,Punjab Kings,Wankhede Stadium,Mumbai,Punjab Kings,field,0.56,0.4693877551020408,0.6,0.6,0.3333333333333333,0.6666666666666666,0.5714285714285714,0.5,Mumbai Indians
501238,2011-05-02,2011,Delhi Capitals,Kochi Tuskers Kerala,Feroz Shah Kotla,Delhi,Kochi Tuskers Kerala,field,0.5294117647058824,0.375,0.4,0.4,1.0,0.0,0.4444444444444444,0.5,Kochi Tuskers Kerala
501239,2011-05-03,2011,Deccan Chargers,Kolkata Knight Riders,"Rajiv Gandhi International Stadium, Uppal",Hyderabad,Deccan Chargers,field,0.4074074074074074,0.4375,0.4,0.6,0.2857142857142857,0.7142857142857143,0.0909090909090909,1.0,Kolkata Knight Riders
501240,2011-05-04,2011,Chennai Super Kings,Rajasthan Royals,"MA Chidambaram Stadium, Chepauk",Chennai,Rajasthan Royals,bat,0.5740740740740741,0.5686274509803921,0.6,0.6,0.4285714285714285,0.5714285714285714,0.6111111111111112,0.5,Chennai Super Kings
501241,2011-05-04,2011,Pune Warriors,Mumbai Indians,Dr DY Patil Sports Academy,Mumbai,Pune Warriors,field,0.25,0.5686274509803921,0.0,0.8,0.0,1.0,0.5,0.6666666666666666,Mumbai Indians
501242,2011-05-05,2011,Kochi Tuskers Kerala,Kolkata Knight Riders,Nehru Stadium,Kochi,Kolkata Knight Riders,field,0.4444444444444444,0.4489795918367347,0.4,0.6,1.0,0.0,0.25,0.5,Kochi Tuskers Kerala
501243,2011-05-05,2011,Deccan Chargers,Delhi Capitals,"Rajiv Gandhi International Stadium, Uppal",Hyderabad,Delhi Capitals,field,0.4,0.5192307692307693,0.4,0.4,0.5,0.5,0.0833333333333333,1.0,Delhi Capitals
501244,2011-05-06,2011,Royal Challengers Bengaluru,Punjab Kings,M Chinnaswamy Stadium,Bangalore,Punjab Kings,field,0.4716981132075472,0.46,0.6,0.4,0.5,0.5,0.375,0.5,Royal Challengers Bengaluru
501245,2011-05-07,2011,Kolkata Knight Riders,Chennai Super Kings,Eden Gardens,Kolkata,Chennai Super Kings,bat,0.44,0.5818181818181818,0.6,0.8,0.1666666666666666,0.8333333333333334,0.631578947368421,1.0,Kolkata Knight Riders
501246,2011-05-07,2011,Mumbai Indians,Delhi Capitals,Wankhede Stadium,Mumbai,Delhi Capitals,field,0.5769230769230769,0.5283018867924528,0.8,0.4,0.5714285714285714,0.4285714285714285,0.625,0.0,Mumbai Indians
501247,2011-05-08,2011,Royal Challengers Bengaluru,Kochi Tuskers Kerala,M Chinnaswamy Stadium,Bangalore,Kochi Tuskers Kerala,bat,0.4814814814814814,0.5,0.8,0.4,1.0,0.0,0.4117647058823529,0.5,Royal Challengers Bengaluru
501248,2011-05-08,2011,Punjab Kings,Pune Warriors,"Punjab Cricket Association Stadium, Mohali",Chandigarh,Punjab Kings,bat,0.4509803921568627,0.2222222222222222,0.2,0.0,0.0,1.0,0.6428571428571429,0.5,Pune Warriors
501249,2011-05-09,2011,Rajasthan Royals,Chennai Super Kings,Sawai Mansingh Stadium,Jaipur,Rajasthan Royals,field,0.5576923076923077,0.5714285714285714,0.6,0.8,0.5,0.5,0.8,0.0,Chennai Super Kings
501250,2011-05-10,2011,Deccan Chargers,Pune Warriors,"Rajiv Gandhi International Stadium, Uppal",Hyderabad,Deccan Chargers,bat,0.3928571428571428,0.3,0.2,0.2,0.5,0.5,0.0769230769230769,0.5,Pune Warriors
501251,2011-05-10,2011,Punjab Kings,Mumbai Indians,"Punjab Cricket Association Stadium, Mohali",Chandigarh,Mumbai Indians,field,0.4423076923076923,0.5849056603773585,0.0,0.8,0.5714285714285714,0.4285714285714285,0.6,0.0,Punjab Kings
501252,2011-05-11,2011,Rajasthan Royals,Royal Challengers Bengaluru,Sawai Mansingh Stadium,Jaipur,Royal Challengers Bengaluru,field,0.5471698113207547,0.4909090909090909,0.6,1.0,0.5,0.5,0.75,0.5,Royal Challengers Bengaluru
501253,2011-05-12,2011,Chennai Super Kings,Delhi Capitals,"MA Chidambaram Stadium, Chepauk",Chennai,Chennai Super Kings,bat,0.5789473684210527,0.5185185185185185,0.8,0.4,0.5,0.5,0.631578947368421,1.0,Chennai Super Kings
501254,2011-05-13,2011,Kochi Tuskers Kerala,Punjab Kings,Holkar Cricket Stadium,Indore,Punjab Kings,field,0.4545454545454545,0.4528301886792453,0.4,0.2,0.5,0.5,0.5,0.5,Punjab Kings
501255,2011-05-14,2011,Royal Challengers Bengaluru,Kolkata Knight Riders,M Chinnaswamy Stadium,Bangalore,Royal Challengers Bengaluru,field,0.5,0.4509803921568627,1.0,0.8,0.5714285714285714,0.4285714285714285,0.4444444444444444,0.5,Royal Challengers Bengaluru
501256,2011-05-14,2011,Mumbai Indians,Deccan Chargers,Wankhede Stadium,Mumbai,Deccan Chargers,bat,0.5740740740740741,0.3859649122807017,0.6,0.2,0.5714285714285714,0.4285714285714285,0.6666666666666666,0.5,Deccan Chargers
501257,2011-05-15,2011,Punjab Kings,Delhi Capitals,Himachal Pradesh Cricket Association Stadium,Dharamsala,Delhi Capitals,field,0.4629629629629629,0.509090909090909,0.4,0.4,0.5714285714285714,0.4285714285714285,0.0,0.5,Punjab Kings
501258,2011-05-15,2011,Kochi Tuskers Kerala,Rajasthan Royals,Holkar Cricket Stadium,Indore,Kochi Tuskers Kerala,field,0.4166666666666667,0.5370370370370371,0.4,0.4,0.0,1.0,0.0,0.5,Kochi Tuskers Kerala
501259,2011-05-16,2011,Pune Warriors,Deccan Chargers,Dr DY Patil Sports Academy,Mumbai,Deccan Chargers,field,0.3636363636363636,0.396551724137931,0.4,0.2,1.0,0.0,0.4,0.2,Deccan Chargers
501260,2011-05-17,2011,Punjab Kings,Royal Challengers Bengaluru,Himachal Pradesh Cricket Association Stadium,Dharamsala,Punjab Kings,bat,0.4727272727272727,0.5087719298245614,0.6,1.0,0.4285714285714285,0.5714285714285714,0.3333333333333333,0.5,Punjab Kings
501261,2011-05-18,2011,Chennai Super Kings,Kochi Tuskers Kerala,"MA Chidambaram Stadium, Chepauk",Chennai,Chennai Super Kings,bat,0.5862068965517241,0.4615384615384615,0.8,0.6,0.0,1.0,0.65,0.5,Chennai Super Kings
501262,2011-05-19,2011,Pune Warriors,Kolkata Knight Riders,Dr DY Patil Sports Academy,Mumbai,Kolkata Knight Riders,field,0.3333333333333333,0.4423076923076923,0.4,0.6,0.5,0.5,0.3333333333333333,1.0,Kolkata Knight Riders
501263,2011-05-20,2011,Mumbai Indians,Rajasthan Royals,Wankhede Stadium,Mumbai,Mumbai Indians,bat,0.5636363636363636,0.5272727272727272,0.6,0.2,0.5,0.5,0.6,1.0,Rajasthan Royals
501264,2011-05-21,2011,Punjab Kings,Deccan Chargers,Himachal Pradesh Cricket Association Stadium,Dharamsala,Punjab Kings,field,0.4821428571428571,0.4067796610169492,0.8,0.4,0.7142857142857143,0.2857142857142857,0.5,1.0,Deccan Chargers
501265,2011-05-21,2011,Delhi Capitals,Pune Warriors,Feroz Shah Kotla,Delhi,Delhi Capitals,bat,0.5,0.3076923076923077,0.2,0.4,1.0,0.0,0.4210526315789473,0.5,No Result
501266,2011-05-22,2011,Royal Challengers Bengaluru,Chennai Super Kings,M Chinnaswamy Stadium,Bangalore,Royal Challengers Bengaluru,field,0.5,0.5932203389830508,0.8,0.8,0.5,0.5,0.4736842105263157,0.5,Royal Challengers Bengaluru
501267,2011-05-22,2011,Kolkata Knight Riders,Mumbai Indians,Eden Gardens,Kolkata,Mumbai Indians,field,0.4528301886792453,0.5535714285714286,0.6,0.4,0.1666666666666666,0.8333333333333334,0.65,0.5,Mumbai Indians
501268,2011-05-24,2011,Royal Challengers Bengaluru,Chennai Super Kings,Wankhede Stadium,Mumbai,Chennai Super Kings,field,0.5084745762711864,0.5833333333333334,0.8,0.6,0.5555555555555556,0.4444444444444444,1.0,0.3333333333333333,Chennai Super Kings
501269,2011-05-25,2011,Mumbai Indians,Kolkata Knight Riders,Wankhede Stadium,Mumbai,Mumbai Indians,field,0.5614035087719298,0.4444444444444444,0.4,0.4,0.8571428571428571,0.1428571428571428,0.5454545454545454,0.0,Mumbai Indians
501270,2011-05-27,2011,Royal Challengers Bengaluru,Mumbai Indians,"MA Chidambaram Stadium, Chepauk",Chennai,Mumbai Indians,field,0.5,0.5689655172413793,0.6,0.4,0.375,0.625,0.3333333333333333,0.0,Royal Challengers Bengaluru
501271,2011-05-28,2011,Chennai Super Kings,Royal Challengers Bengaluru,"MA Chidambaram Stadium, Chepauk",Chennai,Chennai Super Kings,bat,0.5901639344262295,0.5081967213114754,0.8,0.6,0.5,0.5,0.6666666666666666,0.5,Chennai Super Kings
548306,2012-04-04,2012,Chennai Super Kings,Mumbai Indians,"MA Chidambaram Stadium, Chepauk",Chennai,Mumbai Indians,field,0.5967741935483871,0.559322033898305,0.8,0.4,0.5,0.5,0.6818181818181818,0.0,Mumbai Indians
548307,2012-04-05,2012,Kolkata Knight Riders,Delhi Capitals,Eden Gardens,Kolkata,Delhi Capitals,field,0.4363636363636363,0.4912280701754385,0.4,0.2,0.5,0.5,0.6190476190476191,0.0,Delhi Capitals
548308,2012-04-06,2012,Mumbai Indians,Pune Warriors,Wankhede Stadium,Mumbai,Mumbai Indians,field,0.5666666666666667,0.2857142857142857,0.6,0.4,1.0,0.0,0.5833333333333334,0.0,Pune Warriors
548309,2012-04-06,2012,Rajasthan Royals,Punjab Kings,Sawai Mansingh Stadium,Jaipur,Punjab Kings,field,0.5357142857142857,0.4736842105263157,0.2,0.8,0.5714285714285714,0.4285714285714285,0.7058823529411765,0.0,Rajasthan Royals
548310,2012-04-07,2012,Royal Challengers Bengaluru,Delhi Capitals,M Chinnaswamy Stadium,Bangalore,Delhi Capitals,field,0.5,0.5,0.4,0.4,0.2857142857142857,0.7142857142857143,0.5,1.0,Royal Challengers Bengaluru
548311,2012-04-07,2012,Deccan Chargers,Chennai Super Kings,Dr. Y.S. Rajasekhara Reddy ACA-VDCA Cricket Stadium,Visakhapatnam,Deccan Chargers,field,0.4166666666666667,0.5873015873015873,0.6,0.6,0.5,0.5,0.5,0.5,Chennai Super Kings
548312,2012-04-08,2012,Rajasthan Royals,Kolkata Knight Riders,Sawai Mansingh Stadium,Jaipur,Kolkata Knight Riders,field,0.543859649122807,0.4285714285714285,0.4,0.2,0.4285714285714285,0.5714285714285714,0.7222222222222222,0.5,Rajasthan Royals
548313,2012-04-08,2012,Pune Warriors,Punjab Kings,Subrata Roy Sahara Stadium,Pune,Pune Warriors,bat,0.3333333333333333,0.4655172413793103,0.6,0.6,1.0,0.0,0.5,0.5,Pune Warriors
548314,2012-04-09,2012,Deccan Chargers,Mumbai Indians,Dr. Y.S. Rajasekhara Reddy ACA-VDCA Cricket Stadium,Visakhapatnam,Deccan Chargers,bat,0.4098360655737705,0.5573770491803278,0.6,0.6,0.5,0.5,0.0,0.5,Mumbai Indians
548315,2012-04-10,2012,Royal Challengers Bengaluru,Kolkata Knight Riders,M Chinnaswamy Stadium,Bangalore,Royal Challengers Bengaluru,field,0.5079365079365079,0.4210526315789473,0.6,0.2,0.625,0.375,0.5238095238095238,0.3333333333333333,Kolkata Knight Riders
548316,2012-04-10,2012,Delhi Capitals,Chennai Super Kings,Feroz Shah Kotla,Delhi,Delhi Capitals,field,0.4915254237288136,0.59375,0.2,0.6,0.4285714285714285,0.5714285714285714,0.4,1.0,Delhi Capitals
548317,2012-04-11,2012,Mumbai Indians,Rajasthan Royals,Wankhede Stadium,Mumbai,Rajasthan Royals,field,0.5645161290322581,0.5517241379310345,0.6,0.6,0.4285714285714285,0.5714285714285714,0.5384615384615384,1.0,Mumbai Indians
548318,2012-04-12,2012,Chennai Super Kings,Royal Challengers Bengaluru,"MA Chidambaram Stadium, Chepauk",Chennai,Royal Challengers Bengaluru,bat,0.5846153846153846,0.5,0.6,0.4,0.5454545454545454,0.4545454545454545,0.6521739130434783,0.4,Chennai Super Kings
548319,2012-04-12,2012,Punjab Kings,Pune Warriors,"Punjab Cricket Association Stadium, Mohali",Chandigarh,Punjab Kings,field,0.4576271186440678,0.375,0.4,0.6,0.0,1.0,0.625,1.0,Punjab Kings
548320,2012-04-13,2012,Kolkata Knight Riders,Rajasthan Royals,Eden Gardens,Kolkata,Rajasthan Royals,bat,0.4310344827586206,0.5423728813559322,0.2,0.6,0.5,0.5,0.5909090909090909,0.3333333333333333,Kolkata Knight Riders
548322,2012-04-14,2012,Pune Warriors,Chennai Super Kings,Subrata Roy Sahara Stadium,Pune,Chennai Super Kings,bat,0.3529411764705882,0.5909090909090909,0.4,0.6,0.0,1.0,1.0,0.5,Pune Warriors
548323,2012-04-15,2012,Kolkata Knight Riders,Punjab Kings,Eden Gardens,Kolkata,Kolkata Knight Riders,field,0.4406779661016949,0.4666666666666667,0.4,0.4,0.5714285714285714,0.4285714285714285,0.6086956521739131,0.3333333333333333,Punjab Kings
548324,2012-04-15,2012,Royal Challengers Bengaluru,Rajasthan Royals,M Chinnaswamy Stadium,Bangalore,Rajasthan Royals,bat,0.4923076923076923,0.5333333333333333,0.4,0.6,0.5714285714285714,0.4285714285714285,0.5,0.5,Rajasthan Royals
548325,2012-04-16,2012,Mumbai Indians,Delhi Capitals,Wankhede Stadium,Mumbai,Delhi Capitals,field,0.5714285714285714,0.5,0.6,0.4,0.625,0.375,0.5714285714285714,0.0,Delhi Capitals
548326,2012-04-17,2012,Rajasthan Royals,Deccan Chargers,Sawai Mansingh Stadium,Jaipur,Deccan Chargers,bat,0.5409836065573771,0.4032258064516129,0.6,0.6,0.8571428571428571,0.1428571428571428,0.7368421052631579,0.0,Rajasthan Royals
548327,2012-04-17,2012,Royal Challengers Bengaluru,Pune Warriors,M Chinnaswamy Stadium,Bangalore,Pune Warriors,bat,0.4848484848484848,0.3888888888888889,0.2,0.6,1.0,0.0,0.4782608695652174,0.0,Royal Challengers Bengaluru
548328,2012-04-18,2012,Punjab Kings,Kolkata Knight Riders,"Punjab Cricket Association Stadium, Mohali",Chandigarh,Punjab Kings,bat,0.4754098360655737,0.4333333333333333,0.4,0.4,0.5,0.5,0.6470588235294118,0.5,Kolkata Knight Riders
548321,2012-04-19,2012,Delhi Capitals,Deccan Chargers,Feroz Shah Kotla,Delhi,Deccan Chargers,bat,0.5081967213114754,0.3968253968253968,0.6,0.4,0.5555555555555556,0.4444444444444444,0.4285714285714285,0.6666666666666666,Delhi Capitals
548330,2012-04-19,2012,Chennai Super Kings,Pune Warriors,"MA Chidambaram Stadium, Chepauk",Chennai,Pune Warriors,field,0.582089552238806,0.3684210526315789,0.4,0.6,0.6666666666666666,0.3333333333333333,0.6666666666666666,0.0,Chennai Super Kings
548331,2012-04-20,2012,Punjab Kings,Royal Challengers Bengaluru,"Punjab Cricket Association Stadium, Mohali",Chandigarh,Royal Challengers Bengaluru,field,0.4677419354838709,0.4925373134328358,0.4,0.4,0.5,0.5,0.6111111111111112,0.5,Royal Challengers Bengaluru
548332,2012-04-21,2012,Chennai Super Kings,Rajasthan Royals,"MA Chidambaram Stadium, Chepauk",Chennai,Rajasthan Royals,bat,0.5882352941176471,0.5483870967741935,0.6,0.6,0.5555555555555556,0.4444444444444444,0.68,0.3333333333333333,Chennai Super Kings
548333,2012-04-21,2012,Delhi Capitals,Pune Warriors,Feroz Shah Kotla,Delhi,Delhi Capitals,field,0.5161290322580645,0.35,0.8,0.4,1.0,0.0,0.4545454545454545,0.0,Pune Warriors
548334,2012-04-22,2012,Mumbai Indians,Punjab Kings,Wankhede Stadium,Mumbai,Mumbai Indians,bat,0.5625,0.4603174603174603,0.6,0.4,0.375,0.625,0.5333333333333333,0.3333333333333333,Punjab Kings
548335,2012-04-22,2012,Deccan Chargers,Kolkata Knight Riders,Barabati Stadium,Cuttack,Kolkata Knight Riders,field,0.390625,0.4426229508196721,0.2,0.6,0.25,0.75,1.0,0.5,Kolkata Knight Riders
548336,2012-04-23,2012,Rajasthan Royals,Royal Challengers Bengaluru,Sawai Mansingh Stadium,Jaipur,Rajasthan Royals,field,0.5396825396825397,0.5,0.4,0.4,0.5,0.5,0.75,0.6666666666666666,Royal Challengers Bengaluru
548337,2012-04-24,2012,Pune Warriors,Delhi Capitals,Subrata Roy Sahara Stadium,Pune,Pune Warriors,bat,0.3809523809523809,0.5079365079365079,0.4,0.6,0.5,0.5,1.0,0.5,Delhi Capitals
548339,2012-04-25,2012,Punjab Kings,Mumbai Indians,"Punjab Cricket Association Stadium, Mohali",Chandigarh,Punjab Kings,bat,0.46875,0.5538461538461539,0.6,0.4,0.6666666666666666,0.3333333333333333,0.5789473684210527,0.0,Mumbai Indians
548341,2012-04-26,2012,Pune Warriors,Deccan Chargers,Subrata Roy Sahara Stadium,Pune,Deccan Chargers,bat,0.3636363636363636,0.3846153846153846,0.4,0.0,0.5,0.5,0.6666666666666666,0.5,Deccan Chargers
548342,2012-04-27,2012,Delhi Capitals,Mumbai Indians,Feroz Shah Kotla,Delhi,Mumbai Indians,field,0.515625,0.5606060606060606,0.8,0.6,0.4444444444444444,0.5555555555555556,0.4347826086956521,0.6666666666666666,Delhi Capitals
548343,2012-04-28,2012,Chennai Super Kings,Punjab Kings,"MA Chidambaram Stadium, Chepauk",Chennai,Punjab Kings,bat,0.5942028985507246,0.4615384615384615,0.6,0.4,0.8571428571428571,0.1428571428571428,0.6923076923076923,0.0,Punjab Kings
548344,2012-04-28,2012,Kolkata Knight Riders,Royal Challengers Bengaluru,Eden Gardens,Kolkata,Kolkata Knight Riders,bat,0.4516129032258064,0.5072463768115942,0.8,0.6,0.4444444444444444,0.5555555555555556,0.5833333333333334,0.3333333333333333,Kolkata Knight Riders
548345,2012-04-29,2012,Delhi Capitals,Rajasthan Royals,Feroz Shah Kotla,Delhi,Delhi Capitals,bat,0.5230769230769231,0.53125,0.8,0.4,0.5,0.5,0.4583333333333333,0.0,Delhi Capitals
548346,2012-04-29,2012,Mumbai Indians,Deccan Chargers,Wankhede Stadium,Mumbai,Mumbai Indians,field,0.5522388059701493,0.3939393939393939,0.4,0.2,0.5555555555555556,0.4444444444444444,0.5,1.0,Mumbai Indians
548347,2012-04-30,2012,Chennai Super Kings,Kolkata Knight Riders,"MA Chidambaram Stadium, Chepauk",Chennai,Chennai Super Kings,bat,0.5857142857142857,0.4603174603174603,0.6,0.8,0.7142857142857143,0.2857142857142857,0.6666666666666666,0.0,Kolkata Knight Riders
548348,2012-05-01,2012,Deccan Chargers,Pune Warriors,Barabati Stadium,Cuttack,Deccan Chargers,bat,0.3880597014925373,0.3478260869565217,0.2,0.2,0.6666666666666666,0.3333333333333333,0.6666666666666666,0.5,Deccan Chargers
548349,2012-05-01,2012,Rajasthan Royals,Delhi Capitals,Sawai Mansingh Stadium,Jaipur,Rajasthan Royals,bat,0.5230769230769231,0.5303030303030303,0.4,0.8,0.4444444444444444,0.5555555555555556,0.7142857142857143,0.0,Delhi Capitals
548350,2012-05-02,2012,Royal Challengers Bengaluru,Punjab Kings,M Chinnaswamy Stadium,Bangalore,Punjab Kings,field,0.5,0.4696969696969697,0.6,0.4,0.5555555555555556,0.4444444444444444,0.5,0.3333333333333333,Punjab Kings
548351,2012-05-03,2012,Pune Warriors,Mumbai Indians,Subrata Roy Sahara Stadium,Pune,Mumbai Indians,bat,0.3333333333333333,0.5588235294117647,0.2,0.4,0.3333333333333333,0.6666666666666666,0.5,0.5,Mumbai Indians
548352,2012-05-04,2012,Chennai Super Kings,Deccan Chargers,"MA Chidambaram Stadium, Chepauk",Chennai,Chennai Super Kings,bat,0.5774647887323944,0.3970588235294117,0.4,0.4,0.5555555555555556,0.4444444444444444,0.6428571428571429,0.6666666666666666,Chennai Super Kings
548353,2012-05-05,2012,Kolkata Knight Riders,Pune Warriors,Eden Gardens,Kolkata,Kolkata Knight Riders,bat,0.46875,0.32,0.8,0.2,1.0,0.0,0.6,0.5,Kolkata Knight Riders
548354,2012-05-05,2012,Punjab Kings,Rajasthan Royals,"Punjab Cricket Association Stadium, Mohali",Chandigarh,Rajasthan Royals,bat,0.4776119402985074,0.5151515151515151,0.6,0.2,0.375,0.625,0.55,0.3333333333333333,Rajasthan Royals
548355,2012-05-06,2012,Mumbai Indians,Chennai Super Kings,Wankhede Stadium,Mumbai,Mumbai Indians,field,0.5652173913043478,0.5833333333333334,0.6,0.6,0.5555555555555556,0.4444444444444444,0.5294117647058824,0.5,Mumbai Indians
548356,2012-05-06,2012,Royal Challengers Bengaluru,Deccan Chargers,M Chinnaswamy Stadium,Bangalore,Royal Challengers Bengaluru,field,0.4929577464788732,0.391304347826087,0.6,0.4,0.4444444444444444,0.5555555555555556,0.48,0.5,Royal Challengers Bengaluru
548357,2012-05-07,2012,Delhi Capitals,Kolkata Knight Riders,Feroz Shah Kotla,Delhi,Delhi Capitals,bat,0.5373134328358209,0.4769230769230769,0.8,1.0,0.5714285714285714,0.4285714285714285,0.48,0.5,Kolkata Knight Riders
548358,2012-05-08,2012,Pune Warriors,Rajasthan Royals,Subrata Roy Sahara Stadium,Pune,Pune Warriors,bat,0.3076923076923077,0.5223880597014925,0.0,0.2,0.0,1.0,0.4,0.5,Rajasthan Royals
548359,2012-05-08,2012,Deccan Chargers,Punjab Kings,"Rajiv Gandhi International Stadium, Uppal",Hyderabad,Deccan Chargers,field,0.3857142857142857,0.4705882352941176,0.4,0.6,0.375,0.625,0.0714285714285714,1.0,Punjab Kings
548360,2012-05-09,2012,Mumbai Indians,Royal Challengers Bengaluru,Wankhede Stadium,Mumbai,Royal Challengers Bengaluru,field,0.5714285714285714,0.5,0.8,0.6,0.5555555555555556,0.4444444444444444,0.5555555555555556,0.5,Royal Challengers Bengaluru
548329,2012-05-10,2012,Deccan Chargers,Delhi Capitals,"Rajiv Gandhi International Stadium, Uppal",Hyderabad,Deccan Chargers,bat,0.380281690140845,0.5294117647058824,0.2,0.8,0.4,0.6,0.0666666666666666,1.0,Delhi Capitals
548361,2012-05-10,2012,Rajasthan Royals,Chennai Super Kings,Sawai Mansingh Stadium,Jaipur,Chennai Super Kings,field,0.5294117647058824,0.5753424657534246,0.4,0.4,0.4,0.6,0.6818181818181818,0.5,Chennai Super Kings
548362,2012-05-11,2012,Pune Warriors,Royal Challengers Bengaluru,Subrata Roy Sahara Stadium,Pune,Pune Warriors,field,0.2962962962962963,0.5068493150684932,0.0,0.6,0.0,1.0,0.3333333333333333,0.5,Royal Challengers Bengaluru
548363,2012-05-12,2012,Kolkata Knight Riders,Mumbai Indians,Eden Gardens,Kolkata,Mumbai Indians,bat,0.4848484848484848,0.5633802816901409,1.0,0.6,0.125,0.875,0.6153846153846154,0.6666666666666666,Mumbai Indians
548364,2012-05-12,2012,Chennai Super Kings,Delhi Capitals,"MA Chidambaram Stadium, Chepauk",Chennai,Chennai Super Kings,field,0.581081081081081,0.5362318840579711,0.4,0.8,0.5,0.5,0.6551724137931034,0.6666666666666666,Chennai Super Kings
548365,2012-05-13,2012,Rajasthan Royals,Pune Warriors,Sawai Mansingh Stadium,Jaipur,Rajasthan Royals,bat,0.5217391304347826,0.2857142857142857,0.4,0.0,1.0,0.0,0.6521739130434783,0.0,Rajasthan Royals
548366,2012-05-13,2012,Punjab Kings,Deccan Chargers,"Punjab Cricket Association Stadium, Mohali",Chandigarh,Deccan Chargers,bat,0.4782608695652174,0.375,0.6,0.2,0.6666666666666666,0.3333333333333333,0.5238095238095238,0.0,Punjab Kings
548367,2012-05-14,2012,Royal Challengers Bengaluru,Mumbai Indians,M Chinnaswamy Stadium,Bangalore,Mumbai Indians,field,0.5135135135135135,0.5694444444444444,0.6,0.8,0.5,0.5,0.5,1.0,Mumbai Indians
548368,2012-05-14,2012,Kolkata Knight Riders,Chennai Super Kings,Eden Gardens,Kolkata,Chennai Super Kings,field,0.4776119402985074,0.5866666666666667,0.8,0.6,0.375,0.625,0.5925925925925926,0.6666666666666666,Chennai Super Kings
548369,2012-05-15,2012,Delhi Capitals,Punjab Kings,Feroz Shah Kotla,Delhi,Punjab Kings,bat,0.5285714285714286,0.4857142857142857,0.6,0.8,0.375,0.625,0.4615384615384615,0.6666666666666666,Delhi Capitals
548370,2012-05-16,2012,Mumbai Indians,Kolkata Knight Riders,Wankhede Stadium,Mumbai,Mumbai Indians,field,0.5753424657534246,0.4705882352941176,0.8,0.6,0.8888888888888888,0.1111111111111111,0.5263157894736842,0.0,Kolkata Knight Riders
548371,2012-05-17,2012,Punjab Kings,Chennai Super Kings,Himachal Pradesh Cricket Association Stadium,Dharamsala,Punjab Kings,field,0.4788732394366197,0.5921052631578947,0.6,0.8,0.25,0.75,0.4,1.0,Punjab Kings
548372,2012-05-17,2012,Delhi Capitals,Royal Challengers Bengaluru,Feroz Shah Kotla,Delhi,Delhi Capitals,field,0.5352112676056338,0.5066666666666667,0.6,0.6,0.625,0.375,0.4814814814814814,0.3333333333333333,Royal Challengers Bengaluru
548373,2012-05-18,2012,Deccan Chargers,Rajasthan Royals,"Rajiv Gandhi International Stadium, Uppal",Hyderabad,Rajasthan Royals,bat,0.3698630136986301,0.5285714285714286,0.0,0.6,0.125,0.875,0.0625,1.0,Deccan Chargers
548374,2012-05-19,2012,Punjab Kings,Delhi Capitals,Himachal Pradesh Cricket Association Stadium,Dharamsala,Delhi Capitals,field,0.4861111111111111,0.5277777777777778,0.6,0.4,0.5555555555555556,0.4444444444444444,0.5,0.0,Delhi Capitals
548375,2012-05-19,2012,Pune Warriors,Kolkata Knight Riders,Subrata Roy Sahara Stadium,Pune,Kolkata Knight Riders,bat,0.2758620689655172,0.4782608695652174,0.0,0.6,0.0,1.0,0.2857142857142857,0.5,Kolkata Knight Riders
548376,2012-05-20,2012,Deccan Chargers,Royal Challengers Bengaluru,"Rajiv Gandhi International Stadium, Uppal",Hyderabad,Royal Challengers Bengaluru,field,0.3783783783783784,0.5131578947368421,0.2,0.8,0.5,0.5,0.1176470588235294,0.5,Deccan Chargers
548377,2012-05-20,2012,Rajasthan Royals,Mumbai Indians,Sawai Mansingh Stadium,Jaipur,Rajasthan Royals,bat,0.5211267605633803,0.5675675675675675,0.6,0.6,0.5,0.5,0.6666666666666666,0.3333333333333333,Mumbai Indians
548378,2012-05-22,2012,Delhi Capitals,Kolkata Knight Riders,Subrata Roy Sahara Stadium,Pune,Kolkata Knight Riders,bat,0.5342465753424658,0.4857142857142857,0.6,0.6,0.5,0.5,1.0,1.0,Kolkata Knight Riders
548379,2012-05-23,2012,Chennai Super Kings,Mumbai Indians,M Chinnaswamy Stadium,Bangalore,Mumbai Indians,field,0.5844155844155844,0.5733333333333334,0.6,0.6,0.4,0.6,0.3333333333333333,1.0,Chennai Super Kings
548380,2012-05-25,2012,Delhi Capitals,Chennai Super Kings,"MA Chidambaram Stadium, Chepauk",Chennai,Delhi Capitals,field,0.527027027027027,0.5897435897435898,0.4,0.8,0.4444444444444444,0.5555555555555556,0.5,0.6666666666666666,Chennai Super Kings
548381,2012-05-27,2012,Kolkata Knight Riders,Chennai Super Kings,"MA Chidambaram Stadium, Chepauk",Chennai,Chennai Super Kings,bat,0.4929577464788732,0.5949367088607594,0.6,0.8,0.3333333333333333,0.6666666666666666,0.25,0.6774193548387096,Kolkata Knight Riders
597998,2013-04-03,2013,Kolkata Knight Riders,Delhi Capitals,Eden Gardens,Kolkata,Kolkata Knight Riders,field,0.5,0.52,0.8,0.4,0.5555555555555556,0.4444444444444444,0.5714285714285714,0.3333333333333333,Kolkata Knight Riders
597999,2013-04-04,2013,Royal Challengers Bengaluru,Mumbai Indians,M Chinnaswamy Stadium,Bangalore,Mumbai Indians,field,0.5064935064935064,0.5657894736842105,0.6,0.6,0.4545454545454545,0.5454545454545454,0.4814814814814814,0.8,Royal Challengers Bengaluru
598000,2013-04-05,2013,Sunrisers Hyderabad,Pune Warriors,"Rajiv Gandhi International Stadium, Uppal",Hyderabad,Pune Warriors,field,0.5,0.2666666666666666,0.5,0.0,0.5,0.5,0.5,1.0,Sunrisers Hyderabad
598001,2013-04-06,2013,Delhi Capitals,Rajasthan Royals,Feroz Shah Kotla,Delhi,Rajasthan Royals,bat,0.5131578947368421,0.5138888888888888,0.2,0.4,0.6,0.4,0.4642857142857143,0.0,Rajasthan Royals
598002,2013-04-06,2013,Chennai Super Kings,Mumbai Indians,"MA Chidambaram Stadium, Chepauk",Chennai,Mumbai Indians,bat,0.5875,0.5584415584415584,0.6,0.4,0.4545454545454545,0.5454545454545454,0.65625,0.25,Mumbai Indians
598003,2013-04-07,2013,Pune Warriors,Punjab Kings,Subrata Roy Sahara Stadium,Pune,Pune Warriors,bat,0.2580645161290322,0.4794520547945205,0.0,0.6,0.75,0.25,0.25,0.0,Punjab Kings
598004,2013-04-07,2013,Sunrisers Hyderabad,Royal Challengers Bengaluru,"Rajiv Gandhi International Stadium, Uppal",Hyderabad,Royal Challengers Bengaluru,bat,1.0,0.5128205128205128,1.0,0.6,0.5,0.5,1.0,0.3333333333333333,No Result
598005,2013-04-08,2013,Rajasthan Royals,Kolkata Knight Riders,Sawai Mansingh Stadium,Jaipur,Kolkata Knight Riders,field,0.5205479452054794,0.5068493150684932,0.4,1.0,0.4444444444444444,0.5555555555555556,0.64,0.3333333333333333,Rajasthan Royals
598006,2013-04-09,2013,Mumbai Indians,Delhi Capitals,Wankhede Stadium,Mumbai,Mumbai Indians,bat,0.5641025641025641,0.5064935064935064,0.4,0.2,0.5,0.5,0.5,0.3333333333333333,Mumbai Indians
598048,2013-04-09,2013,Royal Challengers Bengaluru,Sunrisers Hyderabad,M Chinnaswamy Stadium,Bangalore,Sunrisers Hyderabad,bat,0.5063291139240507,0.5,0.6,1.0,0.5,0.5,0.5,0.5,Royal Challengers Bengaluru
598007,2013-04-10,2013,Punjab Kings,Chennai Super Kings,"Punjab Cricket Association Stadium, Mohali",Chandigarh,Chennai Super Kings,field,0.4864864864864865,0.5802469135802469,0.6,0.4,0.3333333333333333,0.6666666666666666,0.5454545454545454,0.5,Chennai Super Kings
598008,2013-04-11,2013,Royal Challengers Bengaluru,Kolkata Knight Riders,M Chinnaswamy Stadium,Bangalore,Royal Challengers Bengaluru,field,0.5125,0.5,0.6,0.8,0.5,0.5,0.5172413793103449,0.5,Royal Challengers Bengaluru
598009,2013-04-11,2013,Pune Warriors,Rajasthan Royals,Subrata Roy Sahara Stadium,Pune,Rajasthan Royals,bat,0.25,0.527027027027027,0.0,0.6,0.0,1.0,0.2222222222222222,1.0,Pune Warriors
598010,2013-04-12,2013,Delhi Capitals,Sunrisers Hyderabad,Feroz Shah Kotla,Delhi,Delhi Capitals,bat,0.5,0.3333333333333333,0.0,0.5,0.5,0.5,0.4482758620689655,0.5,Sunrisers Hyderabad
598011,2013-04-13,2013,Mumbai Indians,Pune Warriors,Wankhede Stadium,Mumbai,Mumbai Indians,bat,0.569620253164557,0.2727272727272727,0.6,0.2,0.75,0.25,0.5238095238095238,0.5,Mumbai Indians
598012,2013-04-13,2013,Chennai Super Kings,Royal Challengers Bengaluru,"MA Chidambaram Stadium, Chepauk",Chennai,Chennai Super Kings,field,0.5853658536585366,0.5185185185185185,0.6,0.8,0.5833333333333334,0.4166666666666667,0.6363636363636364,0.3333333333333333,Chennai Super Kings
598013,2013-04-14,2013,Kolkata Knight Riders,Sunrisers Hyderabad,Eden Gardens,Kolkata,Kolkata Knight Riders,bat,0.4933333333333333,0.5,0.6,0.6666666666666666,0.5,0.5,0.5862068965517241,0.5,Kolkata Knight Riders
598014,2013-04-14,2013,Rajasthan Royals,Punjab Kings,Sawai Mansingh Stadium,Jaipur,Rajasthan Royals,field,0.52,0.48,0.4,0.4,0.6666666666666666,0.3333333333333333,0.6538461538461539,0.0,Rajasthan Royals
598015,2013-04-15,2013,Chennai Super Kings,Pune Warriors,"MA Chidambaram Stadium, Chepauk",Chennai,Pune Warriors,bat,0.5903614457831325,0.2647058823529412,0.6,0.2,0.75,0.25,0.6470588235294118,0.0,Pune Warriors
598016,2013-04-16,2013,Punjab Kings,Kolkata Knight Riders,"Punjab Cricket Association Stadium, Mohali",Chandigarh,Kolkata Knight Riders,field,0.4736842105263157,0.5,0.4,0.6,0.4444444444444444,0.5555555555555556,0.5217391304347826,0.6666666666666666,Punjab Kings
598017,2013-04-16,2013,Royal Challengers Bengaluru,Delhi Capitals,M Chinnaswamy Stadium,Bangalore,Royal Challengers Bengaluru,field,0.5121951219512195,0.4936708860759494,0.6,0.0,0.4444444444444444,0.5555555555555556,0.5333333333333333,0.6666666666666666,No Result
598018,2013-04-17,2013,Pune Warriors,Sunrisers Hyderabad,Maharashtra Cricket Association Stadium,Pune,Pune Warriors,field,0.2857142857142857,0.4,0.4,0.5,0.0,1.0,0.5,0.5,Sunrisers Hyderabad
598019,2013-04-17,2013,Rajasthan Royals,Mumbai Indians,Sawai Mansingh Stadium,Jaipur,Rajasthan Royals,bat,0.5263157894736842,0.575,0.6,0.6,0.4444444444444444,0.5555555555555556,0.6666666666666666,0.5,Rajasthan Royals
598020,2013-04-18,2013,Delhi Capitals,Chennai Super Kings,Feroz Shah Kotla,Delhi,Chennai Super Kings,bat,0.4875,0.5833333333333334,0.0,0.4,0.4,0.6,0.4333333333333333,0.6666666666666666,Chennai Super Kings
598021,2013-04-19,2013,Sunrisers Hyderabad,Punjab Kings,"Rajiv Gandhi International Stadium, Uppal",Hyderabad,Punjab Kings,bat,0.5,0.4805194805194805,0.6,0.4,0.5,0.5,0.5,1.0,Sunrisers Hyderabad
598022,2013-04-20,2013,Kolkata Knight Riders,Chennai Super Kings,Eden Gardens,Kolkata,Kolkata Knight Riders,bat,0.4935064935064935,0.5882352941176471,0.4,0.6,0.4,0.6,0.6,0.75,Chennai Super Kings
598023,2013-04-20,2013,Royal Challengers Bengaluru,Rajasthan Royals,M Chinnaswamy Stadium,Bangalore,Royal Challengers Bengaluru,field,0.5060240963855421,0.5324675324675324,0.6,0.8,0.5555555555555556,0.4444444444444444,0.5161290322580645,0.6666666666666666,Royal Challengers Bengaluru
598024,2013-04-21,2013,Delhi Capitals,Mumbai Indians,Feroz Shah Kotla,Delhi,Mumbai Indians,bat,0.4814814814814814,0.5679012345679012,0.0,0.6,0.4545454545454545,0.5454545454545454,0.4193548387096774,0.5,Delhi Capitals
598025,2013-04-21,2013,Punjab Kings,Pune Warriors,"Punjab Cricket Association Stadium, Mohali",Chandigarh,Punjab Kings,field,0.4743589743589743,0.2777777777777778,0.4,0.4,0.4,0.6,0.5416666666666666,0.5,Punjab Kings
598026,2013-04-22,2013,Chennai Super Kings,Rajasthan Royals,"MA Chidambaram Stadium, Chepauk",Chennai,Rajasthan Royals,bat,0.5930232558139535,0.5256410256410257,0.8,0.6,0.6363636363636364,0.3636363636363636,0.6285714285714286,0.25,Chennai Super Kings
598027,2013-04-23,2013,Royal Challengers Bengaluru,Pune Warriors,M Chinnaswamy Stadium,Bangalore,Pune Warriors,field,0.5119047619047619,0.2702702702702703,0.8,0.4,1.0,0.0,0.53125,0.0,Royal Challengers Bengaluru
598059,2013-04-23,2013,Delhi Capitals,Punjab Kings,Feroz Shah Kotla,Delhi,Punjab Kings,field,0.4878048780487805,0.4810126582278481,0.2,0.4,0.5,0.5,0.4375,0.5,Punjab Kings
598029,2013-04-24,2013,Kolkata Knight Riders,Mumbai Indians,Eden Gardens,Kolkata,Kolkata Knight Riders,bat,0.4871794871794871,0.5609756097560976,0.2,0.6,0.2,0.8,0.5806451612903226,0.75,Mumbai Indians
598030,2013-04-25,2013,Chennai Super Kings,Sunrisers Hyderabad,"MA Chidambaram Stadium, Chepauk",Chennai,Sunrisers Hyderabad,bat,0.5977011494252874,0.5714285714285714,0.8,0.6,0.5,0.5,0.6388888888888888,0.5,Chennai Super Kings
598031,2013-04-26,2013,Kolkata Knight Riders,Punjab Kings,Eden Gardens,Kolkata,Punjab Kings,bat,0.4810126582278481,0.4875,0.2,0.6,0.5,0.5,0.5625,0.5,Kolkata Knight Riders
598032,2013-04-27,2013,Rajasthan Royals,Sunrisers Hyderabad,Sawai Mansingh Stadium,Jaipur,Sunrisers Hyderabad,bat,0.5189873417721519,0.5,0.4,0.6,0.5,0.5,0.6785714285714286,0.5,Rajasthan Royals
598033,2013-04-27,2013,Mumbai Indians,Royal Challengers Bengaluru,Wankhede Stadium,Mumbai,Mumbai Indians,bat,0.5662650602409639,0.5176470588235295,0.6,0.8,0.5,0.5,0.5454545454545454,0.6666666666666666,Mumbai Indians
598034,2013-04-28,2013,Chennai Super Kings,Kolkata Knight Riders,"MA Chidambaram Stadium, Chepauk",Chennai,Kolkata Knight Riders,field,0.6022727272727273,0.4875,0.8,0.4,0.6363636363636364,0.3636363636363636,0.6486486486486487,0.4,Chennai Super Kings
598035,2013-04-28,2013,Delhi Capitals,Pune Warriors,Shaheed Veer Narayan Singh International Stadium,Raipur,Pune Warriors,field,0.4819277108433735,0.2631578947368421,0.2,0.2,0.6666666666666666,0.3333333333333333,0.5,0.5,Delhi Capitals
598036,2013-04-29,2013,Rajasthan Royals,Royal Challengers Bengaluru,Sawai Mansingh Stadium,Jaipur,Rajasthan Royals,field,0.525,0.5116279069767442,0.6,0.6,0.4,0.6,0.6896551724137931,0.75,Rajasthan Royals
598037,2013-04-29,2013,Mumbai Indians,Punjab Kings,Wankhede Stadium,Mumbai,Mumbai Indians,bat,0.5714285714285714,0.4814814814814814,0.6,0.6,0.4,0.6,0.5652173913043478,0.5,Mumbai Indians
598038,2013-04-30,2013,Pune Warriors,Chennai Super Kings,Subrata Roy Sahara Stadium,Pune,Chennai Super Kings,bat,0.2564102564102564,0.6067415730337079,0.2,1.0,0.4,0.6,0.3,0.0,Chennai Super Kings
598039,2013-05-01,2013,Sunrisers Hyderabad,Mumbai Indians,"Rajiv Gandhi International Stadium, Uppal",Hyderabad,Mumbai Indians,bat,0.4444444444444444,0.5764705882352941,0.4,0.6,0.5,0.5,0.6666666666666666,1.0,Sunrisers Hyderabad
598040,2013-05-01,2013,Delhi Capitals,Kolkata Knight Riders,Shaheed Veer Narayan Singh International Stadium,Raipur,Kolkata Knight Riders,bat,0.4880952380952381,0.4814814814814814,0.4,0.2,0.4,0.6,1.0,0.5,Delhi Capitals
598041,2013-05-02,2013,Chennai Super Kings,Punjab Kings,"MA Chidambaram Stadium, Chepauk",Chennai,Chennai Super Kings,bat,0.6111111111111112,0.4756097560975609,1.0,0.4,0.7,0.3,0.6578947368421053,0.3333333333333333,Chennai Super Kings
598042,2013-05-02,2013,Pune Warriors,Royal Challengers Bengaluru,Subrata Roy Sahara Stadium,Pune,Royal Challengers Bengaluru,bat,0.25,0.5057471264367817,0.0,0.4,0.0,1.0,0.2727272727272727,1.0,Royal Challengers Bengaluru
598043,2013-05-03,2013,Kolkata Knight Riders,Rajasthan Royals,Eden Gardens,Kolkata,Rajasthan Royals,bat,0.4756097560975609,0.5308641975308642,0.2,0.6,0.5,0.5,0.5757575757575758,0.25,Kolkata Knight Riders
598044,2013-05-04,2013,Sunrisers Hyderabad,Delhi Capitals,"Rajiv Gandhi International Stadium, Uppal",Hyderabad,Delhi Capitals,bat,0.5,0.4941176470588235,0.6,0.6,1.0,0.0,0.75,1.0,Sunrisers Hyderabad
598046,2013-05-05,2013,Mumbai Indians,Chennai Super Kings,Wankhede Stadium,Mumbai,Mumbai Indians,bat,0.5697674418604651,0.6153846153846154,0.6,1.0,0.5833333333333334,0.4166666666666667,0.5833333333333334,0.4,Mumbai Indians
598047,2013-05-05,2013,Rajasthan Royals,Pune Warriors,Sawai Mansingh Stadium,Jaipur,Pune Warriors,bat,0.524390243902439,0.2439024390243902,0.4,0.0,0.75,0.25,0.7,0.0,Rajasthan Royals
598064,2013-05-06,2013,Punjab Kings,Royal Challengers Bengaluru,"Punjab Cricket Association Stadium, Mohali",Chandigarh,Punjab Kings,field,0.4698795180722891,0.5113636363636364,0.4,0.6,0.5,0.5,0.56,0.6666666666666666,Punjab Kings
598049,2013-05-07,2013,Rajasthan Royals,Delhi Capitals,Sawai Mansingh Stadium,Jaipur,Delhi Capitals,bat,0.5301204819277109,0.4883720930232558,0.6,0.6,0.4545454545454545,0.5454545454545454,0.7096774193548387,0.3333333333333333,Rajasthan Royals
598050,2013-05-07,2013,Mumbai Indians,Kolkata Knight Riders,Wankhede Stadium,Mumbai,Mumbai Indians,bat,0.5747126436781609,0.4819277108433735,0.8,0.4,0.8181818181818182,0.1818181818181818,0.6,0.3333333333333333,Mumbai Indians
598051,2013-05-08,2013,Sunrisers Hyderabad,Chennai Super Kings,"Rajiv Gandhi International Stadium, Uppal",Hyderabad,Sunrisers Hyderabad,field,0.5454545454545454,0.6086956521739131,0.6,0.8,0.0,1.0,0.8,1.0,Chennai Super Kings
598052,2013-05-09,2013,Punjab Kings,Rajasthan Royals,"Punjab Cricket Association Stadium, Mohali",Chandigarh,Rajasthan Royals,field,0.4761904761904761,0.5357142857142857,0.4,0.8,0.3,0.7,0.5769230769230769,0.5,Rajasthan Royals
598053,2013-05-09,2013,Pune Warriors,Kolkata Knight Riders,Subrata Roy Sahara Stadium,Pune,Kolkata Knight Riders,bat,0.238095238095238,0.4761904761904761,0.0,0.4,0.0,1.0,0.25,1.0,Kolkata Knight Riders
598054,2013-05-10,2013,Delhi Capitals,Royal Challengers Bengaluru,Feroz Shah Kotla,Delhi,Delhi Capitals,field,0.4827586206896552,0.5056179775280899,0.4,0.4,0.5555555555555556,0.4444444444444444,0.4242424242424242,0.5,Royal Challengers Bengaluru
598055,2013-05-11,2013,Pune Warriors,Mumbai Indians,Subrata Roy Sahara Stadium,Pune,Pune Warriors,bat,0.2325581395348837,0.5795454545454546,0.0,0.8,0.2,0.8,0.2307692307692307,1.0,Mumbai Indians
598056,2013-05-11,2013,Punjab Kings,Sunrisers Hyderabad,"Punjab Cricket Association Stadium, Mohali",Chandigarh,Punjab Kings,field,0.4705882352941176,0.5,0.2,0.4,0.0,1.0,0.5555555555555556,0.5,Sunrisers Hyderabad
598057,2013-05-12,2013,Kolkata Knight Riders,Royal Challengers Bengaluru,JSCA International Stadium Complex,Ranchi,Kolkata Knight Riders,field,0.4823529411764706,0.5111111111111111,0.4,0.4,0.4545454545454545,0.5454545454545454,0.5,0.5,Kolkata Knight Riders
598058,2013-05-12,2013,Rajasthan Royals,Chennai Super Kings,Sawai Mansingh Stadium,Jaipur,Rajasthan Royals,field,0.5411764705882353,0.6129032258064516,0.8,0.8,0.3333333333333333,0.6666666666666666,0.71875,0.6666666666666666,Rajasthan Royals
598060,2013-05-13,2013,Mumbai Indians,Sunrisers Hyderabad,Wankhede Stadium,Mumbai,Sunrisers Hyderabad,bat,0.5842696629213483,0.5384615384615384,0.8,0.6,0.0,1.0,0.6153846153846154,0.5,Mumbai Indians
598045,2013-05-14,2013,Royal Challengers Bengaluru,Punjab Kings,M Chinnaswamy Stadium,Bangalore,Punjab Kings,field,0.5054945054945055,0.4651162790697674,0.4,0.2,0.4545454545454545,0.5454545454545454,0.5454545454545454,0.5,Punjab Kings
598062,2013-05-14,2013,Chennai Super Kings,Delhi Capitals,"MA Chidambaram Stadium, Chepauk",Chennai,Chennai Super Kings,bat,0.6063829787234043,0.4772727272727273,0.6,0.4,0.6363636363636364,0.3636363636363636,0.6666666666666666,0.4,Chennai Super Kings
598061,2013-05-15,2013,Kolkata Knight Riders,Pune Warriors,JSCA International Stadium Complex,Ranchi,Kolkata Knight Riders,field,0.4883720930232558,0.2272727272727272,0.6,0.0,1.0,0.0,1.0,0.5,Pune Warriors
598063,2013-05-15,2013,Mumbai Indians,Rajasthan Royals,Wankhede Stadium,Mumbai,Rajasthan Royals,field,0.5888888888888889,0.5465116279069767,0.8,0.8,0.5,0.5,0.6296296296296297,0.6666666666666666,Mumbai Indians
598028,2013-05-16,2013,Punjab Kings,Delhi Capitals,Himachal Pradesh Cricket Association Stadium,Dharamsala,Delhi Capitals,field,0.4712643678160919,0.4719101123595505,0.4,0.2,0.5454545454545454,0.4545454545454545,0.4285714285714285,0.5,Punjab Kings
598065,2013-05-17,2013,Sunrisers Hyderabad,Rajasthan Royals,"Rajiv Gandhi International Stadium, Uppal",Hyderabad,Sunrisers Hyderabad,bat,0.5,0.5402298850574713,0.6,0.8,0.0,1.0,0.6666666666666666,0.6666666666666666,Sunrisers Hyderabad
598066,2013-05-18,2013,Punjab Kings,Mumbai Indians,Himachal Pradesh Cricket Association Stadium,Dharamsala,Mumbai Indians,field,0.4772727272727273,0.5934065934065934,0.6,1.0,0.5454545454545454,0.4545454545454545,0.5,0.5,Punjab Kings
598068,2013-05-18,2013,Royal Challengers Bengaluru,Chennai Super Kings,M Chinnaswamy Stadium,Bangalore,Chennai Super Kings,field,0.5,0.6105263157894737,0.4,0.6,0.3846153846153846,0.6153846153846154,0.5294117647058824,0.5,Royal Challengers Bengaluru
598067,2013-05-19,2013,Pune Warriors,Delhi Capitals,Subrata Roy Sahara Stadium,Pune,Pune Warriors,bat,0.2444444444444444,0.4666666666666667,0.2,0.0,0.25,0.75,0.2142857142857142,0.5,Pune Warriors
598069,2013-05-19,2013,Sunrisers Hyderabad,Kolkata Knight Riders,"Rajiv Gandhi International Stadium, Uppal",Hyderabad,Kolkata Knight Riders,bat,0.5333333333333333,0.4827586206896552,0.6,0.6,0.0,1.0,0.7142857142857143,1.0,Sunrisers Hyderabad
598070,2013-05-21,2013,Chennai Super Kings,Mumbai Indians,Feroz Shah Kotla,Delhi,Chennai Super Kings,bat,0.6041666666666666,0.5869565217391305,0.4,0.8,0.3846153846153846,0.6153846153846154,0.75,0.4,Chennai Super Kings
598071,2013-05-22,2013,Rajasthan Royals,Sunrisers Hyderabad,Feroz Shah Kotla,Delhi,Sunrisers Hyderabad,bat,0.5340909090909091,0.5625,0.6,0.6,0.5,0.5,0.25,1.0,Rajasthan Royals
598072,2013-05-24,2013,Mumbai Indians,Rajasthan Royals,Eden Gardens,Kolkata,Rajasthan Royals,bat,0.5806451612903226,0.5393258426966292,0.6,0.6,0.5454545454545454,0.4545454545454545,0.8,0.2,Mumbai Indians
598073,2013-05-26,2013,Chennai Super Kings,Mumbai Indians,Eden Gardens,Kolkata,Mumbai Indians,bat,0.6082474226804123,0.5851063829787234,0.6,0.6,0.4285714285714285,0.5714285714285714,0.8,0.8333333333333334,Mumbai Indians
729279,2014-04-16,2014,Mumbai Indians,Kolkata Knight Riders,Sheikh Zayed Stadium,Abu Dhabi,Kolkata Knight Riders,bat,0.5894736842105263,0.4772727272727273,0.6,0.4,0.8333333333333334,0.1666666666666666,0.5,0.5,Kolkata Knight Riders
729281,2014-04-17,2014,Delhi Capitals,Royal Challengers Bengaluru,Sharjah Cricket Stadium,Unknown,Royal Challengers Bengaluru,field,0.4615384615384615,0.5053763440860215,0.0,0.4,0.5,0.5,0.5,0.5,Royal Challengers Bengaluru
729283,2014-04-18,2014,Chennai Super Kings,Punjab Kings,Sheikh Zayed Stadium,Abu Dhabi,Chennai Super Kings,bat,0.6020408163265306,0.4831460674157303,0.4,0.6,0.7272727272727273,0.2727272727272727,0.5,0.5,Punjab Kings
729285,2014-04-18,2014,Sunrisers Hyderabad,Rajasthan Royals,Sheikh Zayed Stadium,Abu Dhabi,Rajasthan Royals,field,0.5294117647058824,0.5333333333333333,0.6,0.4,0.3333333333333333,0.6666666666666666,0.5,0.5,Rajasthan Royals
729287,2014-04-19,2014,Royal Challengers Bengaluru,Mumbai Indians,Dubai International Cricket Stadium,Unknown,Royal Challengers Bengaluru,field,0.5106382978723404,0.5833333333333334,0.6,0.4,0.4615384615384615,0.5384615384615384,0.5,0.5,Royal Challengers Bengaluru
729289,2014-04-19,2014,Kolkata Knight Riders,Delhi Capitals,Dubai International Cricket Stadium,Unknown,Kolkata Knight Riders,bat,0.4831460674157303,0.4565217391304347,0.6,0.0,0.5454545454545454,0.4545454545454545,0.5,0.5,Delhi Capitals
729291,2014-04-20,2014,Rajasthan Royals,Punjab Kings,Sharjah Cricket Stadium,Unknown,Punjab Kings,field,0.5384615384615384,0.4888888888888889,0.4,0.8,0.7272727272727273,0.2727272727272727,0.5,0.5,Punjab Kings
729293,2014-04-21,2014,Chennai Super Kings,Delhi Capitals,Sheikh Zayed Stadium,Abu Dhabi,Chennai Super Kings,bat,0.5959595959595959,0.4623655913978494,0.4,0.2,0.6666666666666666,0.3333333333333333,0.0,0.5,Chennai Super Kings
729295,2014-04-22,2014,Punjab Kings,Sunrisers Hyderabad,Sharjah Cricket Stadium,Unknown,Sunrisers Hyderabad,field,0.4945054945054945,0.5,1.0,0.4,0.0,1.0,1.0,0.5,Punjab Kings
729297,2014-04-23,2014,Rajasthan Royals,Chennai Super Kings,Dubai International Cricket Stadium,Unknown,Rajasthan Royals,field,0.532608695652174,0.6,0.4,0.4,0.3846153846153846,0.6153846153846154,0.5,0.5,Chennai Super Kings
729299,2014-04-24,2014,Royal Challengers Bengaluru,Kolkata Knight Riders,Sharjah Cricket Stadium,Unknown,Royal Challengers Bengaluru,field,0.5157894736842106,0.4777777777777778,0.6,0.4,0.5,0.5,1.0,0.5,Kolkata Knight Riders
729301,2014-04-25,2014,Sunrisers Hyderabad,Delhi Capitals,Dubai International Cricket Stadium,Unknown,Sunrisers Hyderabad,bat,0.4736842105263157,0.4574468085106383,0.4,0.2,1.0,0.0,0.5,1.0,Sunrisers Hyderabad
729303,2014-04-25,2014,Chennai Super Kings,Mumbai Indians,Dubai International Cricket Stadium,Unknown,Mumbai Indians,bat,0.6039603960396039,0.5773195876288659,0.6,0.4,0.4,0.6,1.0,0.0,Chennai Super Kings
729305,2014-04-26,2014,Rajasthan Royals,Royal Challengers Bengaluru,Sheikh Zayed Stadium,Abu Dhabi,Rajasthan Royals,field,0.5268817204301075,0.5104166666666666,0.4,0.6,0.4545454545454545,0.5454545454545454,1.0,0.5,Rajasthan Royals
729307,2014-04-26,2014,Kolkata Knight Riders,Punjab Kings,Sheikh Zayed Stadium,Abu Dhabi,Kolkata Knight Riders,field,0.4835164835164835,0.5,0.4,1.0,0.5454545454545454,0.4545454545454545,1.0,1.0,Punjab Kings
729309,2014-04-27,2014,Delhi Capitals,Mumbai Indians,Sharjah Cricket Stadium,Unknown,Mumbai Indians,bat,0.4526315789473684,0.5714285714285714,0.2,0.4,0.5,0.5,0.0,0.5,Delhi Capitals
729311,2014-04-27,2014,Sunrisers Hyderabad,Chennai Super Kings,Sharjah Cricket Stadium,Unknown,Sunrisers Hyderabad,bat,0.5,0.6078431372549019,0.4,0.6,0.0,1.0,0.0,0.5,Chennai Super Kings
729313,2014-04-28,2014,Punjab Kings,Royal Challengers Bengaluru,Dubai International Cricket Stadium,Unknown,Punjab Kings,field,0.5053763440860215,0.5051546391752577,1.0,0.6,0.5833333333333334,0.4166666666666667,0.5,1.0,Punjab Kings
729315,2014-04-29,2014,Kolkata Knight Riders,Rajasthan Royals,Sheikh Zayed Stadium,Abu Dhabi,Rajasthan Royals,bat,0.4782608695652174,0.5319148936170213,0.4,0.4,0.5454545454545454,0.4545454545454545,0.5,1.0,No Result
729317,2014-04-30,2014,Mumbai Indians,Sunrisers Hyderabad,Dubai International Cricket Stadium,Unknown,Mumbai Indians,field,0.5656565656565656,0.4761904761904761,0.2,0.2,0.5,0.5,0.0,1.0,Sunrisers Hyderabad
733971,2014-05-02,2014,Chennai Super Kings,Kolkata Knight Riders,JSCA International Stadium Complex,Ranchi,Chennai Super Kings,bat,0.6116504854368932,0.4731182795698925,0.8,0.4,0.6666666666666666,0.3333333333333333,0.5,0.5,Chennai Super Kings
733973,2014-05-03,2014,Mumbai Indians,Punjab Kings,Wankhede Stadium,Mumbai,Punjab Kings,bat,0.56,0.5106382978723404,0.0,1.0,0.4166666666666667,0.5833333333333334,0.6428571428571429,0.4,Mumbai Indians
733975,2014-05-03,2014,Delhi Capitals,Rajasthan Royals,Feroz Shah Kotla,Delhi,Rajasthan Royals,field,0.4583333333333333,0.5263157894736842,0.4,0.4,0.5,0.5,0.4117647058823529,0.4,Rajasthan Royals
733977,2014-05-04,2014,Royal Challengers Bengaluru,Sunrisers Hyderabad,M Chinnaswamy Stadium,Bangalore,Royal Challengers Bengaluru,field,0.5,0.5,0.4,0.4,1.0,0.0,0.5428571428571428,0.0,Royal Challengers Bengaluru
733979,2014-05-05,2014,Rajasthan Royals,Kolkata Knight Riders,"Sardar Patel Stadium, Motera",Ahmedabad,Kolkata Knight Riders,field,0.53125,0.4680851063829787,0.6,0.4,0.4545454545454545,0.5454545454545454,0.75,0.0,Rajasthan Royals
733981,2014-05-05,2014,Delhi Capitals,Chennai Super Kings,Feroz Shah Kotla,Delhi,Chennai Super Kings,field,0.4536082474226804,0.6153846153846154,0.4,1.0,0.3076923076923077,0.6923076923076923,0.4,0.8,Chennai Super Kings
733983,2014-05-06,2014,Mumbai Indians,Royal Challengers Bengaluru,Wankhede Stadium,Mumbai,Royal Challengers Bengaluru,field,0.5643564356435643,0.5050505050505051,0.2,0.4,0.5,0.5,0.6551724137931034,0.5,Mumbai Indians
733985,2014-05-07,2014,Delhi Capitals,Kolkata Knight Riders,Feroz Shah Kotla,Delhi,Delhi Capitals,bat,0.4489795918367347,0.4631578947368421,0.2,0.2,0.5,0.5,0.3888888888888889,0.6666666666666666,Kolkata Knight Riders
733987,2014-05-07,2014,Punjab Kings,Chennai Super Kings,Barabati Stadium,Cuttack,Chennai Super Kings,field,0.5052631578947369,0.6190476190476191,0.8,1.0,0.3333333333333333,0.6666666666666666,0.0,0.5,Punjab Kings
733989,2014-05-08,2014,Rajasthan Royals,Sunrisers Hyderabad,"Sardar Patel Stadium, Motera",Ahmedabad,Rajasthan Royals,field,0.5360824742268041,0.4782608695652174,0.6,0.4,0.75,0.25,0.8,0.5,Sunrisers Hyderabad
733991,2014-05-09,2014,Royal Challengers Bengaluru,Punjab Kings,M Chinnaswamy Stadium,Bangalore,Royal Challengers Bengaluru,field,0.5,0.5104166666666666,0.2,0.8,0.3846153846153846,0.6153846153846154,0.5555555555555556,0.6,Punjab Kings
733993,2014-05-10,2014,Delhi Capitals,Sunrisers Hyderabad,Feroz Shah Kotla,Delhi,Sunrisers Hyderabad,field,0.4444444444444444,0.5,0.2,0.6,0.0,1.0,0.3783783783783784,0.5,Sunrisers Hyderabad
733995,2014-05-10,2014,Mumbai Indians,Chennai Super Kings,Wankhede Stadium,Mumbai,Chennai Super Kings,field,0.5686274509803921,0.6132075471698113,0.4,0.8,0.5625,0.4375,0.6666666666666666,0.3333333333333333,Chennai Super Kings
733997,2014-05-11,2014,Punjab Kings,Kolkata Knight Riders,Barabati Stadium,Cuttack,Kolkata Knight Riders,field,0.5154639175257731,0.46875,0.8,0.4,0.5,0.5,0.5,1.0,Kolkata Knight Riders
733999,2014-05-11,2014,Royal Challengers Bengaluru,Rajasthan Royals,M Chinnaswamy Stadium,Bangalore,Royal Challengers Bengaluru,bat,0.495049504950495,0.5306122448979592,0.2,0.6,0.5,0.5,0.5405405405405406,0.5,Rajasthan Royals
734001,2014-05-12,2014,Sunrisers Hyderabad,Mumbai Indians,"Rajiv Gandhi International Stadium, Uppal",Hyderabad,Sunrisers Hyderabad,bat,0.52,0.5631067961165048,0.6,0.4,0.6666666666666666,0.3333333333333333,0.75,0.6666666666666666,Mumbai Indians
734003,2014-05-13,2014,Chennai Super Kings,Rajasthan Royals,JSCA International Stadium Complex,Ranchi,Rajasthan Royals,bat,0.616822429906542,0.5353535353535354,0.8,0.8,0.6428571428571429,0.3571428571428571,1.0,0.5,Chennai Super Kings
734005,2014-05-13,2014,Royal Challengers Bengaluru,Delhi Capitals,M Chinnaswamy Stadium,Bangalore,Delhi Capitals,field,0.4901960784313725,0.44,0.2,0.2,0.5454545454545454,0.4545454545454545,0.5263157894736842,0.5,Royal Challengers Bengaluru
734007,2014-05-14,2014,Sunrisers Hyderabad,Punjab Kings,"Rajiv Gandhi International Stadium, Uppal",Hyderabad,Punjab Kings,field,0.5,0.5102040816326531,0.6,0.6,0.6666666666666666,0.3333333333333333,0.6666666666666666,0.75,Punjab Kings
734009,2014-05-14,2014,Kolkata Knight Riders,Mumbai Indians,Barabati Stadium,Cuttack,Kolkata Knight Riders,field,0.4742268041237113,0.5673076923076923,0.4,0.6,0.2307692307692307,0.7692307692307693,1.0,0.5,Kolkata Knight Riders
734011,2014-05-15,2014,Rajasthan Royals,Delhi Capitals,"Sardar Patel Stadium, Motera",Ahmedabad,Delhi Capitals,field,0.53,0.4356435643564356,0.6,0.0,0.5384615384615384,0.4615384615384615,0.6666666666666666,1.0,Rajasthan Royals
734013,2014-05-18,2014,Chennai Super Kings,Royal Challengers Bengaluru,JSCA International Stadium Complex,Ranchi,Chennai Super Kings,bat,0.6203703703703703,0.4951456310679611,0.8,0.4,0.5714285714285714,0.4285714285714285,1.0,0.0,Royal Challengers Bengaluru
734015,2014-05-18,2014,Sunrisers Hyderabad,Kolkata Knight Riders,"Rajiv Gandhi International Stadium, Uppal",Hyderabad,Sunrisers Hyderabad,bat,0.4814814814814814,0.4795918367346938,0.4,0.6,0.5,0.5,0.6,0.6666666666666666,Kolkata Knight Riders
734017,2014-05-19,2014,Rajasthan Royals,Mumbai Indians,"Sardar Patel Stadium, Motera",Ahmedabad,Mumbai Indians,bat,0.5346534653465347,0.5619047619047619,0.6,0.6,0.4166666666666667,0.5833333333333334,0.7142857142857143,0.5,Mumbai Indians
734019,2014-05-19,2014,Delhi Capitals,Punjab Kings,Feroz Shah Kotla,Delhi,Punjab Kings,field,0.4313725490196078,0.5151515151515151,0.0,0.6,0.4166666666666667,0.5833333333333334,0.3684210526315789,0.6,Punjab Kings
734021,2014-05-20,2014,Sunrisers Hyderabad,Royal Challengers Bengaluru,"Rajiv Gandhi International Stadium, Uppal",Hyderabad,Royal Challengers Bengaluru,bat,0.4642857142857143,0.5,0.4,0.4,0.0,1.0,0.5454545454545454,0.25,Sunrisers Hyderabad
734023,2014-05-20,2014,Kolkata Knight Riders,Chennai Super Kings,Eden Gardens,Kolkata,Kolkata Knight Riders,field,0.4848484848484848,0.6146788990825688,0.8,0.6,0.3076923076923077,0.6923076923076923,0.5882352941176471,0.6666666666666666,Kolkata Knight Riders
734025,2014-05-21,2014,Punjab Kings,Mumbai Indians,"Punjab Cricket Association Stadium, Mohali",Chandigarh,Mumbai Indians,field,0.52,0.5660377358490566,0.8,0.6,0.5384615384615384,0.4615384615384615,0.5357142857142857,0.25,Mumbai Indians
734027,2014-05-22,2014,Kolkata Knight Riders,Royal Challengers Bengaluru,Eden Gardens,Kolkata,Royal Challengers Bengaluru,field,0.49,0.4952380952380952,1.0,0.4,0.5384615384615384,0.4615384615384615,0.6,0.25,Kolkata Knight Riders
734029,2014-05-22,2014,Chennai Super Kings,Sunrisers Hyderabad,JSCA International Stadium Complex,Ranchi,Sunrisers Hyderabad,field,0.6090909090909091,0.4827586206896552,0.4,0.4,1.0,0.0,0.6666666666666666,0.5,Sunrisers Hyderabad
734031,2014-05-23,2014,Mumbai Indians,Delhi Capitals,Wankhede Stadium,Mumbai,Delhi Capitals,field,0.5700934579439252,0.4271844660194174,0.6,0.0,0.4615384615384615,0.5384615384615384,0.6451612903225806,0.25,Mumbai Indians
734033,2014-05-23,2014,Punjab Kings,Rajasthan Royals,"Punjab Cricket Association Stadium, Mohali",Chandigarh,Rajasthan Royals,field,0.5148514851485149,0.5294117647058824,0.6,0.4,0.3333333333333333,0.6666666666666666,0.5172413793103449,0.6,Punjab Kings
734035,2014-05-24,2014,Royal Challengers Bengaluru,Chennai Super Kings,M Chinnaswamy Stadium,Bangalore,Chennai Super Kings,field,0.490566037735849,0.6036036036036037,0.4,0.4,0.4666666666666667,0.5333333333333333,0.5384615384615384,0.4,Chennai Super Kings
734037,2014-05-24,2014,Kolkata Knight Riders,Sunrisers Hyderabad,Eden Gardens,Kolkata,Kolkata Knight Riders,field,0.495049504950495,0.5,1.0,0.4,0.6666666666666666,0.3333333333333333,0.6111111111111112,0.0,Kolkata Knight Riders
734039,2014-05-25,2014,Punjab Kings,Delhi Capitals,"Punjab Cricket Association Stadium, Mohali",Chandigarh,Punjab Kings,field,0.5196078431372549,0.4230769230769231,0.6,0.0,0.6153846153846154,0.3846153846153846,0.5333333333333333,0.5,Punjab Kings
734041,2014-05-25,2014,Mumbai Indians,Rajasthan Royals,Wankhede Stadium,Mumbai,Mumbai Indians,field,0.5740740740740741,0.5242718446601942,0.8,0.4,0.6153846153846154,0.3846153846153846,0.65625,0.5,Mumbai Indians
734043,2014-05-27,2014,Punjab Kings,Kolkata Knight Riders,Eden Gardens,Kolkata,Punjab Kings,field,0.5242718446601942,0.5,0.8,1.0,0.4615384615384615,0.5384615384615384,0.4,0.6216216216216216,Kolkata Knight Riders
734045,2014-05-28,2014,Chennai Super Kings,Mumbai Indians,Brabourne Stadium,Mumbai,Chennai Super Kings,field,0.6071428571428571,0.5779816513761468,0.4,0.8,0.4705882352941176,0.5294117647058824,0.5,0.8333333333333334,Chennai Super Kings
734047,2014-05-30,2014,Chennai Super Kings,Punjab Kings,Wankhede Stadium,Mumbai,Chennai Super Kings,field,0.6106194690265486,0.5192307692307693,0.4,0.6,0.6153846153846154,0.3846153846153846,0.4285714285714285,0.3333333333333333,Punjab Kings
734049,2014-06-01,2014,Kolkata Knight Riders,Punjab Kings,M Chinnaswamy Stadium,Bangalore,Kolkata Knight Riders,field,0.5048543689320388,0.5238095238095238,1.0,0.6,0.5714285714285714,0.4285714285714285,0.4,0.6666666666666666,Kolkata Knight Riders
829705,2015-04-08,2015,Kolkata Knight Riders,Mumbai Indians,Eden Gardens,Kolkata,Kolkata Knight Riders,field,0.5096153846153846,0.5727272727272728,1.0,0.8,0.2857142857142857,0.7142857142857143,0.631578947368421,0.8571428571428571,Kolkata Knight Riders
829707,2015-04-09,2015,Chennai Super Kings,Delhi Capitals,"MA Chidambaram Stadium, Chepauk",Chennai,Delhi Capitals,field,0.6052631578947368,0.419047619047619,0.4,0.0,0.7142857142857143,0.2857142857142857,0.675,0.3333333333333333,Chennai Super Kings
829709,2015-04-10,2015,Punjab Kings,Rajasthan Royals,Maharashtra Cricket Association Stadium,Pune,Punjab Kings,field,0.5188679245283019,0.5192307692307693,0.6,0.2,0.3846153846153846,0.6153846153846154,0.5,0.5,Rajasthan Royals
829711,2015-04-11,2015,Chennai Super Kings,Sunrisers Hyderabad,"MA Chidambaram Stadium, Chepauk",Chennai,Chennai Super Kings,bat,0.6086956521739131,0.4838709677419355,0.6,0.4,0.75,0.25,0.6829268292682927,0.0,Chennai Super Kings
829713,2015-04-11,2015,Kolkata Knight Riders,Royal Challengers Bengaluru,Eden Gardens,Kolkata,Royal Challengers Bengaluru,field,0.5142857142857142,0.4859813084112149,1.0,0.4,0.5714285714285714,0.4285714285714285,0.6410256410256411,0.2,Royal Challengers Bengaluru
829715,2015-04-12,2015,Delhi Capitals,Rajasthan Royals,Feroz Shah Kotla,Delhi,Rajasthan Royals,field,0.4150943396226415,0.5238095238095238,0.0,0.4,0.4285714285714285,0.5714285714285714,0.358974358974359,0.5,Rajasthan Royals
829717,2015-04-12,2015,Mumbai Indians,Punjab Kings,Wankhede Stadium,Mumbai,Mumbai Indians,field,0.5675675675675675,0.514018691588785,0.6,0.4,0.5,0.5,0.6666666666666666,0.4285714285714285,Punjab Kings
829719,2015-04-13,2015,Royal Challengers Bengaluru,Sunrisers Hyderabad,M Chinnaswamy Stadium,Bangalore,Sunrisers Hyderabad,field,0.4907407407407407,0.46875,0.4,0.4,0.6666666666666666,0.3333333333333333,0.525,0.0,Sunrisers Hyderabad
829721,2015-04-14,2015,Rajasthan Royals,Mumbai Indians,"Sardar Patel Stadium, Motera",Ahmedabad,Mumbai Indians,bat,0.5283018867924528,0.5625,0.4,0.4,0.3571428571428571,0.6428571428571429,0.625,1.0,Rajasthan Royals
829725,2015-04-15,2015,Punjab Kings,Delhi Capitals,Maharashtra Cricket Association Stadium,Pune,Punjab Kings,bat,0.5185185185185185,0.411214953271028,0.4,0.0,0.6428571428571429,0.3571428571428571,0.0,0.5,Delhi Capitals
829727,2015-04-16,2015,Sunrisers Hyderabad,Rajasthan Royals,Dr. Y.S. Rajasekhara Reddy ACA-VDCA Cricket Stadium,Visakhapatnam,Rajasthan Royals,field,0.4848484848484848,0.5327102803738317,0.6,0.6,0.4,0.6,0.5,0.5,Rajasthan Royals
829729,2015-04-17,2015,Mumbai Indians,Chennai Super Kings,Wankhede Stadium,Mumbai,Mumbai Indians,bat,0.5575221238938053,0.6120689655172413,0.2,0.8,0.5,0.5,0.6470588235294118,0.375,Chennai Super Kings
829731,2015-04-18,2015,Sunrisers Hyderabad,Delhi Capitals,Dr. Y.S. Rajasekhara Reddy ACA-VDCA Cricket Stadium,Visakhapatnam,Delhi Capitals,bat,0.4705882352941176,0.4166666666666667,0.4,0.2,1.0,0.0,0.0,0.5,Delhi Capitals
829733,2015-04-18,2015,Punjab Kings,Kolkata Knight Riders,Maharashtra Cricket Association Stadium,Pune,Kolkata Knight Riders,field,0.5137614678899083,0.5094339622641509,0.4,0.8,0.4,0.6,0.0,0.5,Kolkata Knight Riders
829735,2015-04-19,2015,Rajasthan Royals,Chennai Super Kings,"Sardar Patel Stadium, Motera",Ahmedabad,Chennai Super Kings,bat,0.5370370370370371,0.6153846153846154,0.8,0.8,0.3333333333333333,0.6666666666666666,0.6666666666666666,0.0,Rajasthan Royals
829737,2015-04-19,2015,Royal Challengers Bengaluru,Mumbai Indians,M Chinnaswamy Stadium,Bangalore,Royal Challengers Bengaluru,field,0.4862385321100917,0.5526315789473685,0.2,0.0,0.4666666666666667,0.5333333333333333,0.5121951219512195,0.6666666666666666,Mumbai Indians
829739,2015-04-20,2015,Delhi Capitals,Kolkata Knight Riders,Feroz Shah Kotla,Delhi,Kolkata Knight Riders,field,0.4220183486238532,0.514018691588785,0.4,0.8,0.4615384615384615,0.5384615384615384,0.35,0.75,Kolkata Knight Riders
829741,2015-04-21,2015,Rajasthan Royals,Punjab Kings,"Sardar Patel Stadium, Motera",Ahmedabad,Punjab Kings,field,0.5412844036697247,0.509090909090909,1.0,0.2,0.6428571428571429,0.3571428571428571,0.7,0.5,No Result
829743,2015-04-22,2015,Sunrisers Hyderabad,Kolkata Knight Riders,Dr. Y.S. Rajasekhara Reddy ACA-VDCA Cricket Stadium,Visakhapatnam,Kolkata Knight Riders,field,0.4571428571428571,0.5185185185185185,0.2,0.8,0.25,0.75,0.0,0.5,Sunrisers Hyderabad
829745,2015-04-22,2015,Royal Challengers Bengaluru,Chennai Super Kings,M Chinnaswamy Stadium,Bangalore,Royal Challengers Bengaluru,field,0.4818181818181818,0.6101694915254238,0.2,0.6,0.4375,0.5625,0.5,0.5,Chennai Super Kings
829747,2015-04-23,2015,Delhi Capitals,Mumbai Indians,Feroz Shah Kotla,Delhi,Mumbai Indians,field,0.4181818181818181,0.5565217391304348,0.4,0.2,0.5,0.5,0.3414634146341463,0.3333333333333333,Delhi Capitals
829749,2015-04-24,2015,Rajasthan Royals,Royal Challengers Bengaluru,"Sardar Patel Stadium, Motera",Ahmedabad,Royal Challengers Bengaluru,field,0.5363636363636364,0.4774774774774775,1.0,0.2,0.5384615384615384,0.4615384615384615,0.6363636363636364,0.5,Royal Challengers Bengaluru
829751,2015-04-25,2015,Mumbai Indians,Sunrisers Hyderabad,Wankhede Stadium,Mumbai,Mumbai Indians,bat,0.5517241379310345,0.4722222222222222,0.2,0.4,0.5,0.5,0.6285714285714286,0.0,Mumbai Indians
829753,2015-04-25,2015,Chennai Super Kings,Punjab Kings,"MA Chidambaram Stadium, Chepauk",Chennai,Chennai Super Kings,bat,0.6134453781512605,0.5045045045045045,0.8,0.2,0.5714285714285714,0.4285714285714285,0.6904761904761905,0.25,Chennai Super Kings
829757,2015-04-26,2015,Delhi Capitals,Royal Challengers Bengaluru,Feroz Shah Kotla,Delhi,Royal Challengers Bengaluru,field,0.4234234234234234,0.4821428571428571,0.6,0.4,0.4166666666666667,0.5833333333333334,0.3571428571428571,0.6,Royal Challengers Bengaluru
829759,2015-04-27,2015,Punjab Kings,Sunrisers Hyderabad,"Punjab Cricket Association Stadium, Mohali",Chandigarh,Punjab Kings,field,0.5,0.4594594594594595,0.2,0.4,0.5,0.5,0.5483870967741935,1.0,Sunrisers Hyderabad
829765,2015-04-28,2015,Chennai Super Kings,Kolkata Knight Riders,"MA Chidambaram Stadium, Chepauk",Chennai,Kolkata Knight Riders,field,0.6166666666666667,0.5137614678899083,0.8,0.6,0.6428571428571429,0.3571428571428571,0.6976744186046512,0.3333333333333333,Chennai Super Kings
829763,2015-04-29,2015,Royal Challengers Bengaluru,Rajasthan Royals,M Chinnaswamy Stadium,Bangalore,Rajasthan Royals,field,0.4867256637168141,0.5315315315315315,0.4,0.8,0.5,0.5,0.4883720930232558,0.6,No Result
829723,2015-04-30,2015,Kolkata Knight Riders,Chennai Super Kings,Eden Gardens,Kolkata,Kolkata Knight Riders,field,0.509090909090909,0.6198347107438017,0.4,0.8,0.3333333333333333,0.6666666666666666,0.625,0.5714285714285714,Kolkata Knight Riders
829767,2015-05-01,2015,Delhi Capitals,Punjab Kings,Feroz Shah Kotla,Delhi,Delhi Capitals,field,0.4196428571428571,0.495575221238938,0.6,0.2,0.4,0.6,0.3488372093023256,0.6666666666666666,Delhi Capitals
829769,2015-05-01,2015,Mumbai Indians,Rajasthan Royals,Wankhede Stadium,Mumbai,Rajasthan Royals,field,0.5555555555555556,0.5267857142857143,0.4,0.8,0.6,0.4,0.6388888888888888,0.4,Mumbai Indians
829771,2015-05-02,2015,Royal Challengers Bengaluru,Kolkata Knight Riders,M Chinnaswamy Stadium,Bangalore,Royal Challengers Bengaluru,field,0.4824561403508772,0.5135135135135135,0.4,0.6,0.4666666666666667,0.5333333333333333,0.4772727272727273,0.5,Royal Challengers Bengaluru
829773,2015-05-02,2015,Sunrisers Hyderabad,Chennai Super Kings,"Rajiv Gandhi International Stadium, Uppal",Hyderabad,Chennai Super Kings,field,0.4736842105263157,0.6147540983606558,0.4,0.6,0.2,0.8,0.5833333333333334,1.0,Sunrisers Hyderabad
829775,2015-05-03,2015,Punjab Kings,Mumbai Indians,"Punjab Cricket Association Stadium, Mohali",Chandigarh,Mumbai Indians,bat,0.4912280701754385,0.559322033898305,0.0,0.6,0.5333333333333333,0.4666666666666667,0.53125,0.4,Mumbai Indians
829777,2015-05-03,2015,Rajasthan Royals,Delhi Capitals,Brabourne Stadium,Mumbai,Delhi Capitals,field,0.5221238938053098,0.4247787610619469,0.6,0.6,0.6,0.4,0.0,0.0,Rajasthan Royals
829779,2015-05-04,2015,Chennai Super Kings,Royal Challengers Bengaluru,"MA Chidambaram Stadium, Chepauk",Chennai,Chennai Super Kings,bat,0.6097560975609756,0.4869565217391304,0.6,0.6,0.5882352941176471,0.4117647058823529,0.7045454545454546,0.2857142857142857,Chennai Super Kings
829781,2015-05-04,2015,Kolkata Knight Riders,Sunrisers Hyderabad,Eden Gardens,Kolkata,Sunrisers Hyderabad,field,0.5089285714285714,0.4871794871794871,0.4,0.6,0.6,0.4,0.6341463414634146,0.0,Kolkata Knight Riders
829783,2015-05-05,2015,Mumbai Indians,Delhi Capitals,Wankhede Stadium,Mumbai,Delhi Capitals,bat,0.5630252100840336,0.4210526315789473,0.8,0.4,0.4666666666666667,0.5333333333333333,0.6486486486486487,0.2,Mumbai Indians
829785,2015-05-06,2015,Royal Challengers Bengaluru,Punjab Kings,M Chinnaswamy Stadium,Bangalore,Punjab Kings,field,0.4827586206896552,0.4869565217391304,0.6,0.0,0.3571428571428571,0.6428571428571429,0.4888888888888889,0.5714285714285714,Royal Challengers Bengaluru
829761,2015-05-07,2015,Kolkata Knight Riders,Delhi Capitals,Eden Gardens,Kolkata,Kolkata Knight Riders,bat,0.5132743362831859,0.417391304347826,0.4,0.4,0.5714285714285714,0.4285714285714285,0.6428571428571429,0.25,Kolkata Knight Riders
829787,2015-05-07,2015,Rajasthan Royals,Sunrisers Hyderabad,Brabourne Stadium,Mumbai,Rajasthan Royals,field,0.5263157894736842,0.475,0.6,0.6,0.6666666666666666,0.3333333333333333,0.5,0.5,Sunrisers Hyderabad
829789,2015-05-08,2015,Chennai Super Kings,Mumbai Indians,"MA Chidambaram Stadium, Chepauk",Chennai,Chennai Super Kings,bat,0.6129032258064516,0.5666666666666667,0.6,0.8,0.5263157894736842,0.4736842105263157,0.7111111111111111,0.4,Mumbai Indians
829791,2015-05-09,2015,Kolkata Knight Riders,Punjab Kings,Eden Gardens,Kolkata,Punjab Kings,bat,0.5175438596491229,0.4827586206896552,0.6,0.0,0.625,0.375,0.6511627906976745,0.3333333333333333,Kolkata Knight Riders
829793,2015-05-09,2015,Delhi Capitals,Sunrisers Hyderabad,Shaheed Veer Narayan Singh International Stadium,Raipur,Sunrisers Hyderabad,bat,0.4137931034482758,0.4878048780487805,0.2,0.6,0.2,0.8,1.0,0.5,Sunrisers Hyderabad
829795,2015-05-10,2015,Mumbai Indians,Royal Challengers Bengaluru,Wankhede Stadium,Mumbai,Royal Challengers Bengaluru,bat,0.5702479338842975,0.4871794871794871,1.0,0.8,0.5625,0.4375,0.6578947368421053,0.4,Royal Challengers Bengaluru
829797,2015-05-10,2015,Chennai Super Kings,Rajasthan Royals,"MA Chidambaram Stadium, Chepauk",Chennai,Chennai Super Kings,bat,0.608,0.5217391304347826,0.4,0.4,0.625,0.375,0.6956521739130435,0.2,Chennai Super Kings
829799,2015-05-11,2015,Sunrisers Hyderabad,Punjab Kings,"Rajiv Gandhi International Stadium, Uppal",Hyderabad,Sunrisers Hyderabad,bat,0.5,0.4786324786324786,0.8,0.0,0.6,0.4,0.6153846153846154,0.8,Sunrisers Hyderabad
829801,2015-05-12,2015,Delhi Capitals,Chennai Super Kings,Shaheed Veer Narayan Singh International Stadium,Raipur,Chennai Super Kings,bat,0.4102564102564102,0.6111111111111112,0.2,0.4,0.2666666666666666,0.7333333333333333,0.6666666666666666,0.5,Delhi Capitals
829803,2015-05-13,2015,Punjab Kings,Royal Challengers Bengaluru,"Punjab Cricket Association Stadium, Mohali",Chandigarh,Royal Challengers Bengaluru,field,0.4745762711864407,0.4915254237288136,0.0,0.8,0.6,0.4,0.5151515151515151,0.5,Punjab Kings
829805,2015-05-14,2015,Mumbai Indians,Kolkata Knight Riders,Wankhede Stadium,Mumbai,Kolkata Knight Riders,field,0.5655737704918032,0.5217391304347826,0.8,0.8,0.6666666666666666,0.3333333333333333,0.6410256410256411,0.25,Mumbai Indians
829807,2015-05-15,2015,Sunrisers Hyderabad,Royal Challengers Bengaluru,"Rajiv Gandhi International Stadium, Uppal",Hyderabad,Sunrisers Hyderabad,bat,0.5116279069767442,0.4873949579831932,0.8,0.6,0.5,0.5,0.6428571428571429,0.2,Royal Challengers Bengaluru
829809,2015-05-16,2015,Punjab Kings,Chennai Super Kings,"Punjab Cricket Association Stadium, Mohali",Chandigarh,Punjab Kings,bat,0.4789915966386555,0.6062992125984252,0.2,0.4,0.4,0.6,0.5294117647058824,0.6666666666666666,Chennai Super Kings
829811,2015-05-16,2015,Rajasthan Royals,Kolkata Knight Riders,Brabourne Stadium,Mumbai,Rajasthan Royals,bat,0.5172413793103449,0.5172413793103449,0.2,0.6,0.5,0.5,0.3333333333333333,0.0,Rajasthan Royals
829813,2015-05-17,2015,Royal Challengers Bengaluru,Delhi Capitals,M Chinnaswamy Stadium,Bangalore,Royal Challengers Bengaluru,field,0.4916666666666666,0.4152542372881356,0.6,0.2,0.6153846153846154,0.3846153846153846,0.5,0.4,No Result
829815,2015-05-17,2015,Sunrisers Hyderabad,Mumbai Indians,"Rajiv Gandhi International Stadium, Uppal",Hyderabad,Sunrisers Hyderabad,bat,0.5,0.5691056910569106,0.6,0.8,0.4,0.6,0.6,0.75,Mumbai Indians
829817,2015-05-19,2015,Chennai Super Kings,Mumbai Indians,Wankhede Stadium,Mumbai,Mumbai Indians,bat,0.609375,0.5725806451612904,0.6,0.8,0.5,0.5,0.4444444444444444,0.65,Mumbai Indians
829819,2015-05-20,2015,Royal Challengers Bengaluru,Rajasthan Royals,Maharashtra Cricket Association Stadium,Pune,Royal Challengers Bengaluru,bat,0.4876033057851239,0.5213675213675214,0.6,0.4,0.5,0.5,0.5,1.0,Royal Challengers Bengaluru
829821,2015-05-22,2015,Chennai Super Kings,Royal Challengers Bengaluru,JSCA International Stadium Complex,Ranchi,Chennai Super Kings,field,0.6046511627906976,0.4918032786885246,0.4,0.8,0.6111111111111112,0.3888888888888889,0.5,0.5,Chennai Super Kings
829823,2015-05-24,2015,Mumbai Indians,Chennai Super Kings,Eden Gardens,Kolkata,Chennai Super Kings,field,0.576,0.6076923076923076,0.8,0.6,0.5238095238095238,0.4761904761904761,0.75,0.5,Mumbai Indians
980901,2016-04-09,2016,Mumbai Indians,Rising Pune Supergiant,Wankhede Stadium,Mumbai,Mumbai Indians,bat,0.5793650793650794,0.5,0.8,0.5,0.5,0.5,0.6585365853658537,0.5,Rising Pune Supergiant
980903,2016-04-10,2016,Kolkata Knight Riders,Delhi Capitals,Eden Gardens,Kolkata,Kolkata Knight Riders,field,0.5128205128205128,0.4117647058823529,0.6,0.2,0.6,0.4,0.6590909090909091,0.2,Kolkata Knight Riders
980905,2016-04-11,2016,Punjab Kings,Gujarat Lions,"Punjab Cricket Association IS Bindra Stadium, Mohali",Chandigarh,Gujarat Lions,field,0.475,0.5,0.2,0.5,0.5,0.5,0.5,0.5,Gujarat Lions
980907,2016-04-12,2016,Royal Challengers Bengaluru,Sunrisers Hyderabad,M Chinnaswamy Stadium,Bangalore,Sunrisers Hyderabad,field,0.4878048780487805,0.4888888888888889,0.6,0.6,0.6,0.4,0.4893617021276595,0.3333333333333333,Royal Challengers Bengaluru
980909,2016-04-13,2016,Kolkata Knight Riders,Mumbai Indians,Eden Gardens,Kolkata,Mumbai Indians,field,0.5169491525423728,0.5748031496062992,0.6,0.8,0.3125,0.6875,0.6666666666666666,0.7777777777777778,Mumbai Indians
980911,2016-04-14,2016,Gujarat Lions,Rising Pune Supergiant,Saurashtra Cricket Association Stadium,Rajkot,Rising Pune Supergiant,bat,1.0,1.0,1.0,1.0,0.5,0.5,0.5,0.5,Gujarat Lions
980913,2016-04-15,2016,Delhi Capitals,Punjab Kings,Feroz Shah Kotla,Delhi,Delhi Capitals,field,0.4083333333333333,0.4710743801652892,0.2,0.2,0.4375,0.5625,0.3636363636363636,0.5714285714285714,Delhi Capitals
980915,2016-04-16,2016,Sunrisers Hyderabad,Kolkata Knight Riders,"Rajiv Gandhi International Stadium, Uppal",Hyderabad,Sunrisers Hyderabad,bat,0.4782608695652174,0.5126050420168067,0.4,0.4,0.3333333333333333,0.6666666666666666,0.5625,0.75,Kolkata Knight Riders
980917,2016-04-16,2016,Mumbai Indians,Gujarat Lions,Wankhede Stadium,Mumbai,Gujarat Lions,field,0.578125,1.0,0.8,1.0,0.5,0.5,0.6428571428571429,0.5,Gujarat Lions
980919,2016-04-17,2016,Punjab Kings,Rising Pune Supergiant,"Punjab Cricket Association IS Bindra Stadium, Mohali",Chandigarh,Rising Pune Supergiant,bat,0.4672131147540984,0.5,0.2,0.5,0.5,0.5,0.0,0.5,Punjab Kings
980921,2016-04-17,2016,Royal Challengers Bengaluru,Delhi Capitals,M Chinnaswamy Stadium,Bangalore,Delhi Capitals,field,0.4919354838709677,0.4132231404958678,0.6,0.4,0.6153846153846154,0.3846153846153846,0.5,0.3333333333333333,Delhi Capitals
980923,2016-04-18,2016,Sunrisers Hyderabad,Mumbai Indians,"Rajiv Gandhi International Stadium, Uppal",Hyderabad,Sunrisers Hyderabad,field,0.4680851063829787,0.5736434108527132,0.2,0.6,0.3333333333333333,0.6666666666666666,0.5294117647058824,0.8,Sunrisers Hyderabad
980925,2016-04-19,2016,Punjab Kings,Kolkata Knight Riders,"Punjab Cricket Association IS Bindra Stadium, Mohali",Chandigarh,Kolkata Knight Riders,field,0.4715447154471545,0.5166666666666667,0.4,0.4,0.3529411764705882,0.6470588235294118,0.5,0.5,Kolkata Knight Riders
980927,2016-04-20,2016,Mumbai Indians,Royal Challengers Bengaluru,Wankhede Stadium,Mumbai,Mumbai Indians,field,0.5692307692307692,0.488,0.4,0.6,0.5294117647058824,0.4705882352941176,0.627906976744186,0.5,Mumbai Indians
980929,2016-04-21,2016,Gujarat Lions,Sunrisers Hyderabad,Saurashtra Cricket Association Stadium,Rajkot,Sunrisers Hyderabad,field,1.0,0.4791666666666667,1.0,0.2,0.5,0.5,1.0,0.5,Sunrisers Hyderabad
980931,2016-04-22,2016,Rising Pune Supergiant,Royal Challengers Bengaluru,Maharashtra Cricket Association Stadium,Pune,Rising Pune Supergiant,field,0.3333333333333333,0.4841269841269841,0.3333333333333333,0.4,0.5,0.5,0.5,1.0,Royal Challengers Bengaluru
980933,2016-04-23,2016,Delhi Capitals,Mumbai Indians,Feroz Shah Kotla,Delhi,Mumbai Indians,field,0.4180327868852459,0.5725190839694656,0.6,0.4,0.5,0.5,0.3777777777777777,0.2857142857142857,Delhi Capitals
980935,2016-04-23,2016,Sunrisers Hyderabad,Punjab Kings,"Rajiv Gandhi International Stadium, Uppal",Hyderabad,Sunrisers Hyderabad,field,0.4897959183673469,0.4677419354838709,0.4,0.2,0.6666666666666666,0.3333333333333333,0.5555555555555556,0.6666666666666666,Sunrisers Hyderabad
980937,2016-04-24,2016,Gujarat Lions,Royal Challengers Bengaluru,Saurashtra Cricket Association Stadium,Rajkot,Royal Challengers Bengaluru,bat,0.75,0.4881889763779528,0.75,0.4,0.5,0.5,0.5,0.5,Gujarat Lions
980939,2016-04-24,2016,Rising Pune Supergiant,Kolkata Knight Riders,Maharashtra Cricket Association Stadium,Pune,Kolkata Knight Riders,field,0.25,0.5206611570247934,0.25,0.6,0.5,0.5,0.0,1.0,Kolkata Knight Riders
980941,2016-04-25,2016,Punjab Kings,Mumbai Indians,"Punjab Cricket Association IS Bindra Stadium, Mohali",Chandigarh,Punjab Kings,field,0.464,0.5681818181818182,0.2,0.4,0.5,0.5,0.3333333333333333,0.5,Mumbai Indians
980943,2016-04-26,2016,Sunrisers Hyderabad,Rising Pune Supergiant,"Rajiv Gandhi International Stadium, Uppal",Hyderabad,Rising Pune Supergiant,field,0.5,0.2,0.6,0.2,0.5,0.5,0.5789473684210527,0.5,Rising Pune Supergiant
980945,2016-04-27,2016,Delhi Capitals,Gujarat Lions,Feroz Shah Kotla,Delhi,Delhi Capitals,field,0.4227642276422764,0.8,0.8,0.8,0.5,0.5,0.391304347826087,0.5,Gujarat Lions
980947,2016-04-28,2016,Mumbai Indians,Kolkata Knight Riders,Wankhede Stadium,Mumbai,Mumbai Indians,field,0.5714285714285714,0.5245901639344263,0.4,0.8,0.7058823529411765,0.2941176470588235,0.6363636363636364,0.2,Mumbai Indians
980949,2016-04-29,2016,Rising Pune Supergiant,Gujarat Lions,Maharashtra Cricket Association Stadium,Pune,Gujarat Lions,field,0.3333333333333333,0.8333333333333334,0.2,0.8,0.0,1.0,0.0,0.5,Gujarat Lions
980951,2016-04-30,2016,Delhi Capitals,Kolkata Knight Riders,Feroz Shah Kotla,Delhi,Kolkata Knight Riders,field,0.4193548387096774,0.5203252032520326,0.6,0.6,0.375,0.625,0.3829787234042553,0.8,Delhi Capitals
980953,2016-04-30,2016,Sunrisers Hyderabad,Royal Challengers Bengaluru,"Rajiv Gandhi International Stadium, Uppal",Hyderabad,Royal Challengers Bengaluru,field,0.4901960784313725,0.484375,0.6,0.4,0.3333333333333333,0.6666666666666666,0.55,0.3333333333333333,Sunrisers Hyderabad
980955,2016-05-01,2016,Gujarat Lions,Punjab Kings,Saurashtra Cricket Association Stadium,Rajkot,Gujarat Lions,field,0.8571428571428571,0.4603174603174603,0.8,0.2,1.0,0.0,0.6666666666666666,0.5,Punjab Kings
980957,2016-05-01,2016,Rising Pune Supergiant,Mumbai Indians,Maharashtra Cricket Association Stadium,Pune,Mumbai Indians,field,0.2857142857142857,0.5746268656716418,0.2,0.6,1.0,0.0,0.0,0.5,Mumbai Indians
980959,2016-05-02,2016,Royal Challengers Bengaluru,Kolkata Knight Riders,M Chinnaswamy Stadium,Bangalore,Kolkata Knight Riders,field,0.4806201550387597,0.5161290322580645,0.2,0.6,0.5,0.5,0.4897959183673469,0.4285714285714285,Kolkata Knight Riders
980961,2016-05-03,2016,Gujarat Lions,Delhi Capitals,Saurashtra Cricket Association Stadium,Rajkot,Delhi Capitals,field,0.75,0.424,0.6,0.8,1.0,0.0,0.5,0.5,Delhi Capitals
980963,2016-05-04,2016,Kolkata Knight Riders,Punjab Kings,Eden Gardens,Kolkata,Punjab Kings,field,0.52,0.4645669291338583,0.6,0.4,0.6666666666666666,0.3333333333333333,0.6521739130434783,0.2857142857142857,Kolkata Knight Riders
980965,2016-05-05,2016,Delhi Capitals,Rising Pune Supergiant,Feroz Shah Kotla,Delhi,Rising Pune Supergiant,field,0.4285714285714285,0.25,0.8,0.2,0.5,0.5,0.3958333333333333,0.5,Rising Pune Supergiant
980967,2016-05-06,2016,Sunrisers Hyderabad,Gujarat Lions,"Rajiv Gandhi International Stadium, Uppal",Hyderabad,Sunrisers Hyderabad,field,0.5,0.6666666666666666,0.8,0.6,1.0,0.0,0.5714285714285714,0.5,Sunrisers Hyderabad
980969,2016-05-07,2016,Royal Challengers Bengaluru,Rising Pune Supergiant,M Chinnaswamy Stadium,Bangalore,Royal Challengers Bengaluru,field,0.4769230769230769,0.3333333333333333,0.2,0.4,1.0,0.0,0.48,0.5,Royal Challengers Bengaluru
980971,2016-05-07,2016,Punjab Kings,Delhi Capitals,"Punjab Cricket Association IS Bindra Stadium, Mohali",Chandigarh,Delhi Capitals,field,0.4609375,0.4251968503937008,0.2,0.6,0.5294117647058824,0.4705882352941176,0.25,0.5,Punjab Kings
980973,2016-05-08,2016,Mumbai Indians,Sunrisers Hyderabad,Dr. Y.S. Rajasekhara Reddy ACA-VDCA Cricket Stadium,Visakhapatnam,Mumbai Indians,field,0.5777777777777777,0.5094339622641509,0.8,0.8,0.5714285714285714,0.4285714285714285,1.0,0.3333333333333333,Sunrisers Hyderabad
980975,2016-05-08,2016,Kolkata Knight Riders,Gujarat Lions,Eden Gardens,Kolkata,Gujarat Lions,field,0.5238095238095238,0.6,0.6,0.4,0.5,0.5,0.6595744680851063,0.5,Gujarat Lions
980977,2016-05-09,2016,Punjab Kings,Royal Challengers Bengaluru,"Punjab Cricket Association IS Bindra Stadium, Mohali",Chandigarh,Punjab Kings,field,0.4651162790697674,0.4809160305343511,0.4,0.4,0.625,0.375,0.4,0.5,Royal Challengers Bengaluru
980979,2016-05-10,2016,Rising Pune Supergiant,Sunrisers Hyderabad,Dr. Y.S. Rajasekhara Reddy ACA-VDCA Cricket Stadium,Visakhapatnam,Sunrisers Hyderabad,bat,0.3,0.5185185185185185,0.4,0.8,1.0,0.0,0.5,0.5,Sunrisers Hyderabad
980981,2016-05-11,2016,Royal Challengers Bengaluru,Mumbai Indians,M Chinnaswamy Stadium,Bangalore,Mumbai Indians,field,0.4848484848484848,0.5735294117647058,0.4,0.6,0.4444444444444444,0.5555555555555556,0.4901960784313725,0.7142857142857143,Mumbai Indians
980983,2016-05-12,2016,Sunrisers Hyderabad,Delhi Capitals,"Rajiv Gandhi International Stadium, Uppal",Hyderabad,Delhi Capitals,field,0.5272727272727272,0.421875,0.8,0.4,0.8333333333333334,0.1666666666666666,0.5909090909090909,0.75,Delhi Capitals
980985,2016-05-13,2016,Mumbai Indians,Punjab Kings,Dr. Y.S. Rajasekhara Reddy ACA-VDCA Cricket Stadium,Visakhapatnam,Mumbai Indians,bat,0.5766423357664233,0.4615384615384615,0.8,0.4,0.5294117647058824,0.4705882352941176,0.5,0.5,Punjab Kings
980987,2016-05-14,2016,Royal Challengers Bengaluru,Gujarat Lions,M Chinnaswamy Stadium,Bangalore,Gujarat Lions,field,0.4812030075187969,0.6363636363636364,0.4,0.4,0.0,1.0,0.4807692307692308,0.5,Royal Challengers Bengaluru
980989,2016-05-14,2016,Kolkata Knight Riders,Rising Pune Supergiant,Eden Gardens,Kolkata,Rising Pune Supergiant,bat,0.5196850393700787,0.2727272727272727,0.4,0.2,1.0,0.0,0.6458333333333334,0.5,Kolkata Knight Riders
980991,2016-05-15,2016,Punjab Kings,Sunrisers Hyderabad,"Punjab Cricket Association IS Bindra Stadium, Mohali",Chandigarh,Punjab Kings,bat,0.465648854961832,0.5178571428571429,0.6,0.8,0.2857142857142857,0.7142857142857143,0.3333333333333333,0.5,Sunrisers Hyderabad
980993,2016-05-15,2016,Mumbai Indians,Delhi Capitals,Dr. Y.S. Rajasekhara Reddy ACA-VDCA Cricket Stadium,Visakhapatnam,Delhi Capitals,field,0.572463768115942,0.4263565891472868,0.6,0.6,0.4705882352941176,0.5294117647058824,0.3333333333333333,1.0,Mumbai Indians
980995,2016-05-16,2016,Kolkata Knight Riders,Royal Challengers Bengaluru,Eden Gardens,Kolkata,Royal Challengers Bengaluru,field,0.5234375,0.4850746268656716,0.6,0.6,0.5294117647058824,0.4705882352941176,0.6530612244897959,0.3333333333333333,Royal Challengers Bengaluru
980997,2016-05-17,2016,Rising Pune Supergiant,Delhi Capitals,Dr. Y.S. Rajasekhara Reddy ACA-VDCA Cricket Stadium,Visakhapatnam,Rising Pune Supergiant,field,0.25,0.4230769230769231,0.2,0.4,1.0,0.0,0.0,0.5,Rising Pune Supergiant
980999,2016-05-18,2016,Royal Challengers Bengaluru,Punjab Kings,M Chinnaswamy Stadium,Bangalore,Punjab Kings,field,0.4888888888888889,0.4621212121212121,0.8,0.4,0.4117647058823529,0.5882352941176471,0.490566037735849,0.5,Royal Challengers Bengaluru
981001,2016-05-19,2016,Gujarat Lions,Kolkata Knight Riders,Green Park,Kanpur,Gujarat Lions,field,0.5833333333333334,0.5193798449612403,0.2,0.6,1.0,0.0,0.5,0.5,Gujarat Lions
981003,2016-05-20,2016,Delhi Capitals,Sunrisers Hyderabad,Shaheed Veer Narayan Singh International Stadium,Raipur,Delhi Capitals,field,0.4198473282442748,0.5263157894736842,0.2,0.8,0.2857142857142857,0.7142857142857143,0.75,1.0,Delhi Capitals
981005,2016-05-21,2016,Rising Pune Supergiant,Punjab Kings,Dr. Y.S. Rajasekhara Reddy ACA-VDCA Cricket Stadium,Visakhapatnam,Punjab Kings,bat,0.3076923076923077,0.4586466165413533,0.4,0.4,0.0,1.0,0.5,1.0,Rising Pune Supergiant
981007,2016-05-21,2016,Gujarat Lions,Mumbai Indians,Green Park,Kanpur,Gujarat Lions,field,0.6153846153846154,0.5755395683453237,0.4,0.6,1.0,0.0,1.0,0.5,Gujarat Lions
981009,2016-05-22,2016,Kolkata Knight Riders,Sunrisers Hyderabad,Eden Gardens,Kolkata,Sunrisers Hyderabad,field,0.5153846153846153,0.5172413793103449,0.4,0.6,0.7142857142857143,0.2857142857142857,0.64,0.0,Kolkata Knight Riders
981011,2016-05-22,2016,Delhi Capitals,Royal Challengers Bengaluru,Shaheed Veer Narayan Singh International Stadium,Raipur,Royal Challengers Bengaluru,field,0.4242424242424242,0.4926470588235294,0.4,0.8,0.4285714285714285,0.5714285714285714,0.8,0.5,Royal Challengers Bengaluru
981013,2016-05-24,2016,Gujarat Lions,Royal Challengers Bengaluru,M Chinnaswamy Stadium,Bangalore,Royal Challengers Bengaluru,field,0.6428571428571429,0.4963503649635036,0.6,0.8,0.5,0.5,0.0,0.5,Royal Challengers Bengaluru
981015,2016-05-25,2016,Sunrisers Hyderabad,Kolkata Knight Riders,Feroz Shah Kotla,Delhi,Kolkata Knight Riders,field,0.5084745762711864,0.5190839694656488,0.4,0.4,0.25,0.75,0.6666666666666666,0.6666666666666666,Sunrisers Hyderabad
981017,2016-05-27,2016,Gujarat Lions,Sunrisers Hyderabad,Feroz Shah Kotla,Delhi,Sunrisers Hyderabad,field,0.6,0.5166666666666667,0.6,0.4,0.0,1.0,1.0,0.75,Sunrisers Hyderabad
981019,2016-05-29,2016,Royal Challengers Bengaluru,Sunrisers Hyderabad,M Chinnaswamy Stadium,Bangalore,Sunrisers Hyderabad,bat,0.5,0.5245901639344263,1.0,0.6,0.5714285714285714,0.4285714285714285,0.509090909090909,0.25,Sunrisers Hyderabad
1082591,2017-04-05,2017,Sunrisers Hyderabad,Royal Challengers Bengaluru,"Rajiv Gandhi International Stadium, Uppal",Hyderabad,Royal Challengers Bengaluru,field,0.532258064516129,0.4964028776978417,0.6,0.8,0.5,0.5,0.5652173913043478,0.2857142857142857,Sunrisers Hyderabad
1082592,2017-04-06,2017,Rising Pune Supergiant,Mumbai Indians,Maharashtra Cricket Association Stadium,Pune,Rising Pune Supergiant,field,0.3571428571428571,0.5714285714285714,0.4,0.4,0.5,0.5,0.0,1.0,Rising Pune Supergiant
1082593,2017-04-07,2017,Gujarat Lions,Kolkata Knight Riders,Saurashtra Cricket Association Stadium,Rajkot,Kolkata Knight Riders,field,0.5625,0.5151515151515151,0.4,0.4,1.0,0.0,0.4,0.5,Kolkata Knight Riders
1082594,2017-04-08,2017,Punjab Kings,Rising Pune Supergiant,Holkar Cricket Stadium,Indore,Punjab Kings,field,0.4552238805970149,0.4,0.2,0.6,0.5,0.5,1.0,0.5,Punjab Kings
1082595,2017-04-08,2017,Royal Challengers Bengaluru,Delhi Capitals,M.Chinnaswamy Stadium,Bengaluru,Royal Challengers Bengaluru,bat,0.4928571428571429,0.4210526315789473,0.6,0.4,0.6,0.4,0.5,0.5,Royal Challengers Bengaluru
1082596,2017-04-09,2017,Sunrisers Hyderabad,Gujarat Lions,"Rajiv Gandhi International Stadium, Uppal",Hyderabad,Sunrisers Hyderabad,field,0.5396825396825397,0.5294117647058824,0.8,0.4,1.0,0.0,0.5833333333333334,0.0,Sunrisers Hyderabad
1082597,2017-04-09,2017,Mumbai Indians,Kolkata Knight Riders,Wankhede Stadium,Mumbai,Mumbai Indians,field,0.5673758865248227,0.518796992481203,0.4,0.4,0.7222222222222222,0.2777777777777778,0.6444444444444445,0.1666666666666666,Mumbai Indians
1082598,2017-04-10,2017,Punjab Kings,Royal Challengers Bengaluru,Holkar Cricket Stadium,Indore,Royal Challengers Bengaluru,bat,0.4592592592592592,0.4964539007092198,0.4,0.6,0.5555555555555556,0.4444444444444444,1.0,0.5,Punjab Kings
1082599,2017-04-11,2017,Rising Pune Supergiant,Delhi Capitals,Maharashtra Cricket Association Stadium,Pune,Rising Pune Supergiant,field,0.375,0.417910447761194,0.6,0.2,1.0,0.0,0.2,1.0,Delhi Capitals
1082600,2017-04-12,2017,Mumbai Indians,Sunrisers Hyderabad,Wankhede Stadium,Mumbai,Mumbai Indians,field,0.5704225352112676,0.546875,0.4,1.0,0.5,0.5,0.6521739130434783,0.0,Mumbai Indians
1082601,2017-04-13,2017,Kolkata Knight Riders,Punjab Kings,Eden Gardens,Kolkata,Kolkata Knight Riders,field,0.5149253731343284,0.4632352941176471,0.4,0.4,0.6842105263157895,0.3157894736842105,0.6470588235294118,0.25,Kolkata Knight Riders
1082602,2017-04-14,2017,Royal Challengers Bengaluru,Mumbai Indians,M Chinnaswamy Stadium,Bangalore,Mumbai Indians,field,0.4929577464788732,0.5734265734265734,0.4,0.6,0.4210526315789473,0.5789473684210527,0.5,0.75,Mumbai Indians
1082603,2017-04-14,2017,Gujarat Lions,Rising Pune Supergiant,Saurashtra Cricket Association Stadium,Rajkot,Gujarat Lions,field,0.5,0.3529411764705882,0.2,0.6,1.0,0.0,0.3333333333333333,0.0,Gujarat Lions
1082604,2017-04-15,2017,Kolkata Knight Riders,Sunrisers Hyderabad,Eden Gardens,Kolkata,Sunrisers Hyderabad,field,0.5185185185185185,0.5384615384615384,0.6,0.8,0.6666666666666666,0.3333333333333333,0.6538461538461539,0.0,Kolkata Knight Riders
1082605,2017-04-15,2017,Delhi Capitals,Punjab Kings,Feroz Shah Kotla,Delhi,Delhi Capitals,bat,0.4222222222222222,0.4598540145985401,0.4,0.4,0.4444444444444444,0.5555555555555556,0.3877551020408163,0.5,Delhi Capitals
1082606,2017-04-16,2017,Mumbai Indians,Gujarat Lions,Wankhede Stadium,Mumbai,Mumbai Indians,field,0.5763888888888888,0.5263157894736842,0.6,0.2,0.0,1.0,0.6595744680851063,1.0,Mumbai Indians
1082607,2017-04-16,2017,Royal Challengers Bengaluru,Rising Pune Supergiant,M Chinnaswamy Stadium,Bangalore,Royal Challengers Bengaluru,field,0.4895104895104895,0.3333333333333333,0.2,0.4,1.0,0.0,0.4912280701754385,0.0,Rising Pune Supergiant
1082608,2017-04-17,2017,Delhi Capitals,Kolkata Knight Riders,Feroz Shah Kotla,Delhi,Delhi Capitals,bat,0.4264705882352941,0.5220588235294118,0.6,0.6,0.4117647058823529,0.5882352941176471,0.4,0.5714285714285714,Kolkata Knight Riders
1082609,2017-04-17,2017,Sunrisers Hyderabad,Punjab Kings,"Rajiv Gandhi International Stadium, Uppal",Hyderabad,Punjab Kings,field,0.5303030303030303,0.4565217391304347,0.6,0.4,0.75,0.25,0.6,0.5714285714285714,Sunrisers Hyderabad
1082610,2017-04-18,2017,Gujarat Lions,Royal Challengers Bengaluru,Saurashtra Cricket Association Stadium,Rajkot,Gujarat Lions,field,0.5,0.4861111111111111,0.2,0.2,0.3333333333333333,0.6666666666666666,0.4285714285714285,0.0,Royal Challengers Bengaluru
1082611,2017-04-19,2017,Sunrisers Hyderabad,Delhi Capitals,"Rajiv Gandhi International Stadium, Uppal",Hyderabad,Sunrisers Hyderabad,bat,0.5373134328358209,0.4233576642335766,0.6,0.4,0.625,0.375,0.6153846153846154,0.8,Sunrisers Hyderabad
1082612,2017-04-20,2017,Punjab Kings,Mumbai Indians,Holkar Cricket Stadium,Indore,Mumbai Indians,field,0.4532374100719424,0.5793103448275863,0.4,0.8,0.5,0.5,1.0,0.5,Mumbai Indians
1082613,2017-04-21,2017,Kolkata Knight Riders,Gujarat Lions,Eden Gardens,Kolkata,Gujarat Lions,field,0.5255474452554745,0.4761904761904761,0.8,0.2,0.3333333333333333,0.6666666666666666,0.660377358490566,1.0,Gujarat Lions
1082614,2017-04-22,2017,Mumbai Indians,Delhi Capitals,Wankhede Stadium,Mumbai,Delhi Capitals,field,0.5821917808219178,0.4202898550724637,1.0,0.4,0.5,0.5,0.6666666666666666,0.1666666666666666,Mumbai Indians
1082615,2017-04-22,2017,Rising Pune Supergiant,Sunrisers Hyderabad,Maharashtra Cricket Association Stadium,Pune,Rising Pune Supergiant,field,0.3684210526315789,0.5441176470588235,0.4,0.6,0.5,0.5,0.1666666666666666,1.0,Rising Pune Supergiant
1082616,2017-04-23,2017,Gujarat Lions,Punjab Kings,Saurashtra Cricket Association Stadium,Rajkot,Gujarat Lions,field,0.5,0.45,0.4,0.2,0.5,0.5,0.375,1.0,Punjab Kings
1082617,2017-04-23,2017,Kolkata Knight Riders,Royal Challengers Bengaluru,Eden Gardens,Kolkata,Royal Challengers Bengaluru,field,0.5217391304347826,0.4896551724137931,0.6,0.4,0.5,0.5,0.6481481481481481,0.4285714285714285,Kolkata Knight Riders
1082618,2017-04-24,2017,Mumbai Indians,Rising Pune Supergiant,Wankhede Stadium,Mumbai,Mumbai Indians,field,0.5850340136054422,0.4,1.0,0.4,0.3333333333333333,0.6666666666666666,0.673469387755102,1.0,Rising Pune Supergiant
1082620,2017-04-26,2017,Rising Pune Supergiant,Kolkata Knight Riders,Maharashtra Cricket Association Stadium,Pune,Kolkata Knight Riders,field,0.4285714285714285,0.5251798561151079,0.6,0.8,0.0,1.0,0.2857142857142857,1.0,Kolkata Knight Riders
1082621,2017-04-27,2017,Royal Challengers Bengaluru,Gujarat Lions,M Chinnaswamy Stadium,Bangalore,Gujarat Lions,field,0.4863013698630137,0.4782608695652174,0.2,0.4,0.75,0.25,0.4827586206896552,0.0,Gujarat Lions
1082622,2017-04-28,2017,Kolkata Knight Riders,Delhi Capitals,Eden Gardens,Kolkata,Kolkata Knight Riders,field,0.5285714285714286,0.4172661870503597,0.8,0.4,0.6111111111111112,0.3888888888888889,0.6545454545454545,0.1666666666666666,Kolkata Knight Riders
1082623,2017-04-28,2017,Punjab Kings,Sunrisers Hyderabad,"Punjab Cricket Association IS Bindra Stadium, Mohali",Chandigarh,Punjab Kings,field,0.4539007092198581,0.5362318840579711,0.2,0.4,0.2222222222222222,0.7777777777777778,0.2857142857142857,1.0,Sunrisers Hyderabad
1082624,2017-04-29,2017,Rising Pune Supergiant,Royal Challengers Bengaluru,Maharashtra Cricket Association Stadium,Pune,Royal Challengers Bengaluru,field,0.4090909090909091,0.4829931972789115,0.6,0.2,0.3333333333333333,0.6666666666666666,0.25,1.0,Rising Pune Supergiant
1082625,2017-04-29,2017,Gujarat Lions,Mumbai Indians,Saurashtra Cricket Association Stadium,Rajkot,Gujarat Lions,bat,0.5,0.581081081081081,0.4,0.8,0.6666666666666666,0.3333333333333333,0.3333333333333333,0.5,No Result
1082626,2017-04-30,2017,Punjab Kings,Delhi Capitals,"Punjab Cricket Association IS Bindra Stadium, Mohali",Chandigarh,Punjab Kings,field,0.4507042253521127,0.4142857142857143,0.2,0.2,0.5263157894736842,0.4736842105263157,0.25,0.0,Punjab Kings
1082627,2017-04-30,2017,Sunrisers Hyderabad,Kolkata Knight Riders,"Rajiv Gandhi International Stadium, Uppal",Hyderabad,Kolkata Knight Riders,field,0.5428571428571428,0.5319148936170213,0.6,0.8,0.3,0.7,0.6296296296296297,0.8,Sunrisers Hyderabad
1082628,2017-05-01,2017,Mumbai Indians,Royal Challengers Bengaluru,Wankhede Stadium,Mumbai,Royal Challengers Bengaluru,bat,0.5771812080536913,0.4797297297297297,0.8,0.2,0.6,0.4,0.66,0.4285714285714285,Mumbai Indians
1082629,2017-05-01,2017,Rising Pune Supergiant,Gujarat Lions,Maharashtra Cricket Association Stadium,Pune,Rising Pune Supergiant,field,0.4347826086956521,0.48,0.8,0.4,0.0,1.0,0.3333333333333333,1.0,Rising Pune Supergiant
1082630,2017-05-02,2017,Delhi Capitals,Sunrisers Hyderabad,Feroz Shah Kotla,Delhi,Delhi Capitals,field,0.4113475177304964,0.5492957746478874,0.0,0.8,0.3333333333333333,0.6666666666666666,0.392156862745098,0.8,Delhi Capitals
1082631,2017-05-03,2017,Kolkata Knight Riders,Rising Pune Supergiant,Eden Gardens,Kolkata,Rising Pune Supergiant,field,0.528169014084507,0.4583333333333333,0.6,0.8,1.0,0.0,0.6607142857142857,0.0,Rising Pune Supergiant
1082632,2017-05-04,2017,Delhi Capitals,Gujarat Lions,Feroz Shah Kotla,Delhi,Delhi Capitals,field,0.4154929577464789,0.4615384615384615,0.2,0.4,0.5,0.5,0.4038461538461538,0.5,Delhi Capitals
1082633,2017-05-05,2017,Royal Challengers Bengaluru,Punjab Kings,M Chinnaswamy Stadium,Bangalore,Royal Challengers Bengaluru,field,0.4765100671140939,0.4545454545454545,0.2,0.4,0.4210526315789473,0.5789473684210527,0.4745762711864407,0.4444444444444444,Punjab Kings
1082634,2017-05-06,2017,Sunrisers Hyderabad,Rising Pune Supergiant,"Rajiv Gandhi International Stadium, Uppal",Hyderabad,Sunrisers Hyderabad,field,0.5416666666666666,0.48,0.6,0.8,0.3333333333333333,0.6666666666666666,0.6428571428571429,1.0,Rising Pune Supergiant
1082635,2017-05-06,2017,Delhi Capitals,Mumbai Indians,Feroz Shah Kotla,Delhi,Delhi Capitals,field,0.4195804195804196,0.58,0.4,0.8,0.4736842105263157,0.5263157894736842,0.4150943396226415,0.25,Mumbai Indians
1082636,2017-05-07,2017,Royal Challengers Bengaluru,Kolkata Knight Riders,M Chinnaswamy Stadium,Bangalore,Kolkata Knight Riders,field,0.4733333333333333,0.5244755244755245,0.0,0.6,0.4736842105263157,0.5263157894736842,0.4666666666666667,0.5,Kolkata Knight Riders
1082637,2017-05-07,2017,Punjab Kings,Gujarat Lions,"Punjab Cricket Association IS Bindra Stadium, Mohali",Chandigarh,Gujarat Lions,field,0.4583333333333333,0.4444444444444444,0.6,0.4,0.6666666666666666,0.3333333333333333,0.3333333333333333,1.0,Gujarat Lions
1082638,2017-05-08,2017,Sunrisers Hyderabad,Mumbai Indians,"Rajiv Gandhi International Stadium, Uppal",Hyderabad,Mumbai Indians,bat,0.5342465753424658,0.5827814569536424,0.4,0.8,0.4444444444444444,0.5555555555555556,0.6206896551724138,0.6666666666666666,Sunrisers Hyderabad
1082639,2017-05-09,2017,Punjab Kings,Kolkata Knight Riders,"Punjab Cricket Association IS Bindra Stadium, Mohali",Chandigarh,Kolkata Knight Riders,field,0.4551724137931034,0.5277777777777778,0.6,0.6,0.3,0.7,0.3,1.0,Punjab Kings
1082640,2017-05-10,2017,Gujarat Lions,Delhi Capitals,Green Park,Kanpur,Delhi Capitals,field,0.4642857142857143,0.4166666666666667,0.4,0.4,0.3333333333333333,0.6666666666666666,1.0,0.5,Delhi Capitals
1082641,2017-05-11,2017,Mumbai Indians,Punjab Kings,Wankhede Stadium,Mumbai,Mumbai Indians,field,0.5789473684210527,0.4589041095890411,0.6,0.6,0.5263157894736842,0.4736842105263157,0.6666666666666666,0.5,Punjab Kings
1082642,2017-05-12,2017,Delhi Capitals,Rising Pune Supergiant,Feroz Shah Kotla,Delhi,Delhi Capitals,bat,0.4206896551724138,0.5,0.6,0.8,0.3333333333333333,0.6666666666666666,0.4074074074074074,1.0,Delhi Capitals
1082643,2017-05-13,2017,Gujarat Lions,Sunrisers Hyderabad,Green Park,Kanpur,Sunrisers Hyderabad,field,0.4482758620689655,0.5405405405405406,0.4,0.6,0.0,1.0,0.6666666666666666,0.5,Sunrisers Hyderabad
1082644,2017-05-13,2017,Kolkata Knight Riders,Mumbai Indians,Eden Gardens,Kolkata,Kolkata Knight Riders,field,0.5241379310344828,0.5751633986928104,0.4,0.4,0.2631578947368421,0.7368421052631579,0.6491228070175439,0.8,Mumbai Indians
1082645,2017-05-14,2017,Rising Pune Supergiant,Punjab Kings,Maharashtra Cricket Association Stadium,Pune,Rising Pune Supergiant,field,0.4814814814814814,0.4625850340136054,0.8,0.8,0.3333333333333333,0.6666666666666666,0.4,0.0,Rising Pune Supergiant
1082646,2017-05-14,2017,Delhi Capitals,Royal Challengers Bengaluru,Feroz Shah Kotla,Delhi,Royal Challengers Bengaluru,bat,0.4246575342465753,0.4701986754966887,0.8,0.0,0.375,0.625,0.4181818181818181,0.6666666666666666,Royal Challengers Bengaluru
1082647,2017-05-16,2017,Mumbai Indians,Rising Pune Supergiant,Wankhede Stadium,Mumbai,Mumbai Indians,field,0.577922077922078,0.5,0.6,0.8,0.25,0.75,0.6538461538461539,1.0,Rising Pune Supergiant
1082648,2017-05-17,2017,Sunrisers Hyderabad,Kolkata Knight Riders,M Chinnaswamy Stadium,Bangalore,Kolkata Knight Riders,field,0.5466666666666666,0.5205479452054794,0.6,0.2,0.3636363636363636,0.6363636363636364,0.4,0.5555555555555556,Kolkata Knight Riders
1082649,2017-05-19,2017,Mumbai Indians,Kolkata Knight Riders,M Chinnaswamy Stadium,Bangalore,Mumbai Indians,field,0.5741935483870968,0.5238095238095238,0.4,0.4,0.75,0.25,0.7777777777777778,0.6,Mumbai Indians
1082650,2017-05-21,2017,Mumbai Indians,Rising Pune Supergiant,"Rajiv Gandhi International Stadium, Uppal",Hyderabad,Mumbai Indians,bat,0.5769230769230769,0.5172413793103449,0.4,0.8,0.2,0.8,0.5714285714285714,1.0,Mumbai Indians
1136561,2018-04-07,2018,Mumbai Indians,Chennai Super Kings,Wankhede Stadium,Mumbai,Chennai Super Kings,field,0.5796178343949044,0.6030534351145038,0.6,0.4,0.5454545454545454,0.4545454545454545,0.6415094339622641,0.4,Chennai Super Kings
1136562,2018-04-08,2018,Delhi Capitals,Punjab Kings,Punjab Cricket Association IS Bindra Stadium,Chandigarh,Punjab Kings,field,0.4217687074829932,0.4594594594594595,0.6,0.6,0.45,0.55,0.5,0.5,Punjab Kings
1136563,2018-04-08,2018,Royal Challengers Bengaluru,Kolkata Knight Riders,Eden Gardens,Kolkata,Kolkata Knight Riders,field,0.4736842105263157,0.5202702702702703,0.2,0.4,0.45,0.55,0.375,0.6379310344827587,Kolkata Knight Riders
1136564,2018-04-09,2018,Rajasthan Royals,Sunrisers Hyderabad,Rajiv Gandhi International Stadium,Hyderabad,Sunrisers Hyderabad,field,0.5169491525423728,0.5394736842105263,0.4,0.4,0.5714285714285714,0.4285714285714285,0.5,0.5,Sunrisers Hyderabad
1136565,2018-04-10,2018,Kolkata Knight Riders,Chennai Super Kings,MA Chidambaram Stadium,Chennai,Chennai Super Kings,field,0.5234899328859061,0.6060606060606061,0.4,0.6,0.375,0.625,0.5,0.5,Chennai Super Kings
1136566,2018-04-11,2018,Rajasthan Royals,Delhi Capitals,Sawai Mansingh Stadium,Jaipur,Delhi Capitals,field,0.5126050420168067,0.4189189189189189,0.2,0.4,0.625,0.375,0.7272727272727273,0.25,Rajasthan Royals
1136567,2018-04-12,2018,Mumbai Indians,Sunrisers Hyderabad,Rajiv Gandhi International Stadium,Hyderabad,Sunrisers Hyderabad,field,0.5759493670886076,0.5454545454545454,0.6,0.6,0.5,0.5,0.5,1.0,Sunrisers Hyderabad
1136568,2018-04-13,2018,Punjab Kings,Royal Challengers Bengaluru,M.Chinnaswamy Stadium,Bengaluru,Royal Challengers Bengaluru,field,0.4630872483221476,0.4705882352941176,0.6,0.2,0.6,0.4,0.5,1.0,Royal Challengers Bengaluru
1136569,2018-04-14,2018,Mumbai Indians,Delhi Capitals,Wankhede Stadium,Mumbai,Delhi Capitals,field,0.5723270440251572,0.4161073825503356,0.4,0.4,0.55,0.45,0.6296296296296297,0.1428571428571428,Delhi Capitals
1136570,2018-04-14,2018,Kolkata Knight Riders,Sunrisers Hyderabad,Eden Gardens,Kolkata,Sunrisers Hyderabad,field,0.52,0.5512820512820513,0.4,0.8,0.6666666666666666,0.3333333333333333,0.6440677966101694,0.0,Sunrisers Hyderabad
1136571,2018-04-15,2018,Rajasthan Royals,Royal Challengers Bengaluru,M.Chinnaswamy Stadium,Bengaluru,Royal Challengers Bengaluru,field,0.5166666666666667,0.474025974025974,0.4,0.4,0.4666666666666667,0.5333333333333333,0.5,1.0,Rajasthan Royals
1136572,2018-04-15,2018,Punjab Kings,Chennai Super Kings,Punjab Cricket Association IS Bindra Stadium,Chandigarh,Chennai Super Kings,field,0.46,0.6090225563909775,0.6,0.6,0.375,0.625,1.0,0.5,Punjab Kings
1136573,2018-04-16,2018,Kolkata Knight Riders,Delhi Capitals,Eden Gardens,Kolkata,Delhi Capitals,field,0.5165562913907285,0.42,0.4,0.4,0.631578947368421,0.3684210526315789,0.6333333333333333,0.1428571428571428,Kolkata Knight Riders
1136574,2018-04-17,2018,Mumbai Indians,Royal Challengers Bengaluru,Wankhede Stadium,Mumbai,Royal Challengers Bengaluru,field,0.56875,0.4709677419354838,0.4,0.4,0.6190476190476191,0.3809523809523809,0.6181818181818182,0.375,Mumbai Indians
1136575,2018-04-18,2018,Rajasthan Royals,Kolkata Knight Riders,Sawai Mansingh Stadium,Jaipur,Kolkata Knight Riders,field,0.5206611570247934,0.5197368421052632,0.6,0.4,0.5384615384615384,0.4615384615384615,0.7352941176470589,0.25,Kolkata Knight Riders
1136576,2018-04-19,2018,Punjab Kings,Sunrisers Hyderabad,Punjab Cricket Association IS Bindra Stadium,Chandigarh,Punjab Kings,bat,0.4635761589403973,0.5569620253164557,0.6,0.8,0.2,0.8,1.0,0.5,Punjab Kings
1136577,2018-04-20,2018,Chennai Super Kings,Rajasthan Royals,Maharashtra Cricket Association Stadium,Pune,Rajasthan Royals,field,0.6044776119402985,0.5163934426229508,0.6,0.4,0.6470588235294118,0.3529411764705882,0.5,0.5,Chennai Super Kings
1136578,2018-04-21,2018,Kolkata Knight Riders,Punjab Kings,Eden Gardens,Kolkata,Punjab Kings,field,0.5228758169934641,0.4671052631578947,0.6,0.6,0.6666666666666666,0.3333333333333333,0.639344262295082,0.2222222222222222,Punjab Kings
1136579,2018-04-21,2018,Delhi Capitals,Royal Challengers Bengaluru,M.Chinnaswamy Stadium,Bengaluru,Royal Challengers Bengaluru,field,0.4172185430463576,0.4679487179487179,0.2,0.4,0.3529411764705882,0.6470588235294118,0.0,0.6666666666666666,Royal Challengers Bengaluru
1136580,2018-04-22,2018,Chennai Super Kings,Sunrisers Hyderabad,Rajiv Gandhi International Stadium,Hyderabad,Sunrisers Hyderabad,field,0.6074074074074074,0.55,0.6,0.6,0.6666666666666666,0.3333333333333333,0.5,1.0,Chennai Super Kings
1136581,2018-04-22,2018,Mumbai Indians,Rajasthan Royals,Sawai Mansingh Stadium,Jaipur,Mumbai Indians,bat,0.5714285714285714,0.5121951219512195,0.4,0.4,0.625,0.375,0.4,0.7142857142857143,Rajasthan Royals
1136582,2018-04-23,2018,Punjab Kings,Delhi Capitals,Arun Jaitley Stadium,Delhi,Delhi Capitals,field,0.4705882352941176,0.4144736842105263,0.8,0.2,0.5714285714285714,0.4285714285714285,0.5,0.5,Punjab Kings
1136583,2018-04-24,2018,Sunrisers Hyderabad,Mumbai Indians,Wankhede Stadium,Mumbai,Mumbai Indians,field,0.5432098765432098,0.5679012345679012,0.6,0.2,0.5454545454545454,0.4545454545454545,0.0,0.625,Sunrisers Hyderabad
1136584,2018-04-25,2018,Royal Challengers Bengaluru,Chennai Super Kings,M.Chinnaswamy Stadium,Bengaluru,Chennai Super Kings,field,0.4713375796178344,0.6102941176470589,0.4,0.8,0.3684210526315789,0.631578947368421,0.75,0.5,Chennai Super Kings
1136585,2018-04-26,2018,Sunrisers Hyderabad,Punjab Kings,Rajiv Gandhi International Stadium,Hyderabad,Punjab Kings,field,0.5487804878048781,0.474025974025974,0.6,0.8,0.7272727272727273,0.2727272727272727,0.6666666666666666,0.5,Sunrisers Hyderabad
1136586,2018-04-27,2018,Delhi Capitals,Kolkata Knight Riders,Arun Jaitley Stadium,Delhi,Kolkata Knight Riders,field,0.4117647058823529,0.5194805194805194,0.2,0.4,0.35,0.65,0.0,0.5,Delhi Capitals
1136587,2018-04-28,2018,Chennai Super Kings,Mumbai Indians,Maharashtra Cricket Association Stadium,Pune,Mumbai Indians,field,0.6131386861313869,0.5644171779141104,0.8,0.2,0.4782608695652174,0.5217391304347826,1.0,0.5,Mumbai Indians
1136588,2018-04-29,2018,Sunrisers Hyderabad,Rajasthan Royals,Sawai Mansingh Stadium,Jaipur,Sunrisers Hyderabad,bat,0.5542168674698795,0.5161290322580645,0.6,0.6,0.5,0.5,0.0,0.7222222222222222,Sunrisers Hyderabad
1136589,2018-04-29,2018,Royal Challengers Bengaluru,Kolkata Knight Riders,M.Chinnaswamy Stadium,Bengaluru,Kolkata Knight Riders,field,0.4683544303797468,0.5161290322580645,0.4,0.4,0.4285714285714285,0.5714285714285714,0.6,0.5,Kolkata Knight Riders
1136590,2018-04-30,2018,Chennai Super Kings,Delhi Capitals,Maharashtra Cricket Association Stadium,Pune,Delhi Capitals,field,0.6086956521739131,0.4155844155844156,0.6,0.4,0.6875,0.3125,0.5,1.0,Chennai Super Kings
1136591,2018-05-01,2018,Royal Challengers Bengaluru,Mumbai Indians,M.Chinnaswamy Stadium,Bengaluru,Mumbai Indians,field,0.4654088050314465,0.5670731707317073,0.2,0.4,0.3636363636363636,0.6363636363636364,0.5,0.5,Royal Challengers Bengaluru
1136592,2018-05-02,2018,Delhi Capitals,Rajasthan Royals,Arun Jaitley Stadium,Delhi,Rajasthan Royals,field,0.4129032258064516,0.512,0.2,0.4,0.3529411764705882,0.6470588235294118,0.5,0.5,Delhi Capitals
1136593,2018-05-03,2018,Chennai Super Kings,Kolkata Knight Riders,Eden Gardens,Kolkata,Kolkata Knight Riders,field,0.6115107913669064,0.5192307692307693,0.8,0.6,0.6470588235294118,0.3529411764705882,0.4444444444444444,0.6290322580645161,Kolkata Knight Riders
1136594,2018-05-04,2018,Punjab Kings,Mumbai Indians,Holkar Cricket Stadium,Indore,Mumbai Indians,field,0.4709677419354838,0.5636363636363636,0.8,0.4,0.5,0.5,0.75,1.0,Mumbai Indians
1136595,2018-05-05,2018,Royal Challengers Bengaluru,Chennai Super Kings,Maharashtra Cricket Association Stadium,Pune,Chennai Super Kings,field,0.46875,0.6071428571428571,0.4,0.6,0.35,0.65,0.6666666666666666,0.6666666666666666,Chennai Super Kings
1136596,2018-05-05,2018,Delhi Capitals,Sunrisers Hyderabad,Rajiv Gandhi International Stadium,Hyderabad,Delhi Capitals,bat,0.4166666666666667,0.5595238095238095,0.4,0.6,0.4,0.6,0.5,0.75,Sunrisers Hyderabad
1136597,2018-05-06,2018,Mumbai Indians,Kolkata Knight Riders,Wankhede Stadium,Mumbai,Kolkata Knight Riders,field,0.5662650602409639,0.5222929936305732,0.4,0.6,0.7619047619047619,0.238095238095238,0.6140350877192983,0.1428571428571428,Mumbai Indians
1136598,2018-05-06,2018,Rajasthan Royals,Punjab Kings,Holkar Cricket Stadium,Indore,Punjab Kings,field,0.5079365079365079,0.4679487179487179,0.2,0.6,0.6428571428571429,0.3571428571428571,0.0,0.6,Punjab Kings
1136599,2018-05-07,2018,Sunrisers Hyderabad,Royal Challengers Bengaluru,Rajiv Gandhi International Stadium,Hyderabad,Royal Challengers Bengaluru,field,0.5647058823529412,0.4658385093167702,0.8,0.4,0.5555555555555556,0.4444444444444444,0.8,0.5,Sunrisers Hyderabad
1136600,2018-05-08,2018,Rajasthan Royals,Punjab Kings,Sawai Mansingh Stadium,Jaipur,Rajasthan Royals,bat,0.5039370078740157,0.4713375796178344,0.2,0.6,0.6,0.4,0.7027027027027027,0.0,Rajasthan Royals
1136601,2018-05-09,2018,Mumbai Indians,Kolkata Knight Riders,Eden Gardens,Kolkata,Kolkata Knight Riders,field,0.5688622754491018,0.5189873417721519,0.6,0.4,0.7727272727272727,0.2272727272727272,0.8181818181818182,0.6349206349206349,Mumbai Indians
1136602,2018-05-10,2018,Delhi Capitals,Sunrisers Hyderabad,Arun Jaitley Stadium,Delhi,Delhi Capitals,bat,0.4140127388535032,0.5697674418604651,0.4,1.0,0.3636363636363636,0.6363636363636364,0.6666666666666666,0.5,Sunrisers Hyderabad
1136603,2018-05-11,2018,Chennai Super Kings,Rajasthan Royals,Sawai Mansingh Stadium,Jaipur,Chennai Super Kings,bat,0.6099290780141844,0.5078125,0.6,0.4,0.6666666666666666,0.3333333333333333,0.5,0.7105263157894737,Rajasthan Royals
1136604,2018-05-12,2018,Kolkata Knight Riders,Punjab Kings,Holkar Cricket Stadium,Indore,Punjab Kings,field,0.5157232704402516,0.4683544303797468,0.4,0.4,0.6363636363636364,0.3636363636363636,0.5,0.6666666666666666,Kolkata Knight Riders
1136605,2018-05-12,2018,Delhi Capitals,Royal Challengers Bengaluru,Arun Jaitley Stadium,Delhi,Royal Challengers Bengaluru,field,0.4113924050632911,0.4629629629629629,0.4,0.2,0.3333333333333333,0.6666666666666666,0.5,0.5,Royal Challengers Bengaluru
1136606,2018-05-13,2018,Sunrisers Hyderabad,Chennai Super Kings,Maharashtra Cricket Association Stadium,Pune,Chennai Super Kings,field,0.5747126436781609,0.6056338028169014,1.0,0.4,0.2857142857142857,0.7142857142857143,0.5,0.75,Chennai Super Kings
1136607,2018-05-13,2018,Mumbai Indians,Rajasthan Royals,Wankhede Stadium,Mumbai,Rajasthan Royals,field,0.5714285714285714,0.5116279069767442,0.8,0.4,0.5882352941176471,0.4117647058823529,0.6206896551724138,0.3333333333333333,Rajasthan Royals
1136608,2018-05-14,2018,Punjab Kings,Royal Challengers Bengaluru,Holkar Cricket Stadium,Indore,Royal Challengers Bengaluru,field,0.4654088050314465,0.4662576687116564,0.2,0.4,0.5714285714285714,0.4285714285714285,0.5714285714285714,0.0,Royal Challengers Bengaluru
1136609,2018-05-15,2018,Rajasthan Royals,Kolkata Knight Riders,Eden Gardens,Kolkata,Kolkata Knight Riders,field,0.5153846153846153,0.51875,0.6,0.6,0.5,0.5,0.1666666666666666,0.625,Kolkata Knight Riders
1136610,2018-05-16,2018,Mumbai Indians,Punjab Kings,Wankhede Stadium,Mumbai,Punjab Kings,field,0.5680473372781065,0.4625,0.6,0.2,0.5238095238095238,0.4761904761904761,0.6101694915254238,0.5555555555555556,Mumbai Indians
1136611,2018-05-17,2018,Royal Challengers Bengaluru,Sunrisers Hyderabad,M.Chinnaswamy Stadium,Bengaluru,Sunrisers Hyderabad,field,0.4695121951219512,0.5681818181818182,0.6,0.8,0.4,0.6,0.5714285714285714,0.5,Royal Challengers Bengaluru
1136612,2018-05-18,2018,Delhi Capitals,Chennai Super Kings,Arun Jaitley Stadium,Delhi,Chennai Super Kings,field,0.4088050314465409,0.6083916083916084,0.2,0.6,0.2941176470588235,0.7058823529411765,0.4,0.5,Delhi Capitals
1136613,2018-05-19,2018,Rajasthan Royals,Royal Challengers Bengaluru,Sawai Mansingh Stadium,Jaipur,Rajasthan Royals,bat,0.5114503816793893,0.4727272727272727,0.6,0.6,0.5,0.5,0.717948717948718,0.6,Rajasthan Royals
1136614,2018-05-19,2018,Sunrisers Hyderabad,Kolkata Knight Riders,Rajiv Gandhi International Stadium,Hyderabad,Sunrisers Hyderabad,bat,0.5617977528089888,0.5217391304347826,0.6,0.6,0.3846153846153846,0.6153846153846154,0.8333333333333334,0.5,Kolkata Knight Riders
1136615,2018-05-20,2018,Delhi Capitals,Mumbai Indians,Arun Jaitley Stadium,Delhi,Delhi Capitals,bat,0.4125,0.5705882352941176,0.4,0.8,0.4761904761904761,0.5238095238095238,0.5,0.5,Delhi Capitals
1136616,2018-05-20,2018,Punjab Kings,Chennai Super Kings,Maharashtra Cricket Association Stadium,Pune,Chennai Super Kings,field,0.4596273291925465,0.6041666666666666,0.2,0.4,0.4117647058823529,0.5882352941176471,0.0,0.8,Chennai Super Kings
1136617,2018-05-22,2018,Sunrisers Hyderabad,Chennai Super Kings,Wankhede Stadium,Mumbai,Chennai Super Kings,field,0.5555555555555556,0.6068965517241379,0.4,0.6,0.25,0.75,0.25,0.4545454545454545,Chennai Super Kings
1136618,2018-05-23,2018,Kolkata Knight Riders,Rajasthan Royals,Eden Gardens,Kolkata,Rajasthan Royals,field,0.5246913580246914,0.5151515151515151,0.6,0.8,0.5333333333333333,0.4666666666666667,0.6307692307692307,0.1428571428571428,Kolkata Knight Riders
1136619,2018-05-25,2018,Sunrisers Hyderabad,Kolkata Knight Riders,Eden Gardens,Kolkata,Kolkata Knight Riders,field,0.5494505494505495,0.5276073619631901,0.2,0.8,0.3571428571428571,0.6428571428571429,0.1666666666666666,0.6363636363636364,Sunrisers Hyderabad
1136620,2018-05-27,2018,Sunrisers Hyderabad,Chennai Super Kings,Wankhede Stadium,Mumbai,Chennai Super Kings,field,0.5543478260869565,0.6095890410958904,0.2,0.6,0.2222222222222222,0.7777777777777778,0.2,0.5,Chennai Super Kings
1175356,2019-03-23,2019,Royal Challengers Bengaluru,Chennai Super Kings,MA Chidambaram Stadium,Chennai,Chennai Super Kings,field,0.4698795180722891,0.6122448979591837,0.6,0.8,0.3333333333333333,0.6666666666666666,0.5,1.0,Chennai Super Kings
1175357,2019-03-24,2019,Sunrisers Hyderabad,Kolkata Knight Riders,Eden Gardens,Kolkata,Kolkata Knight Riders,field,0.5483870967741935,0.524390243902439,0.2,0.8,0.4,0.6,0.2857142857142857,0.6268656716417911,Kolkata Knight Riders
1175358,2019-03-24,2019,Delhi Capitals,Mumbai Indians,Wankhede Stadium,Mumbai,Mumbai Indians,field,0.4161490683229814,0.5672514619883041,0.4,0.6,0.5,0.5,0.25,0.6166666666666667,Delhi Capitals
1175359,2019-03-25,2019,Punjab Kings,Rajasthan Royals,Sawai Mansingh Stadium,Jaipur,Rajasthan Royals,field,0.4567901234567901,0.5112781954887218,0.0,0.6,0.375,0.625,0.0,0.725,Punjab Kings
1175360,2019-03-26,2019,Delhi Capitals,Chennai Super Kings,Arun Jaitley Stadium,Delhi,Delhi Capitals,bat,0.419753086419753,0.6148648648648649,0.6,0.8,0.3333333333333333,0.6666666666666666,0.5714285714285714,0.0,Chennai Super Kings
1175361,2019-03-27,2019,Kolkata Knight Riders,Punjab Kings,Eden Gardens,Kolkata,Punjab Kings,field,0.5272727272727272,0.4601226993865031,0.8,0.2,0.6521739130434783,0.3478260869565217,0.6323529411764706,0.3,Kolkata Knight Riders
1175362,2019-03-28,2019,Mumbai Indians,Royal Challengers Bengaluru,M.Chinnaswamy Stadium,Bengaluru,Royal Challengers Bengaluru,field,0.563953488372093,0.467065868263473,0.4,0.6,0.6086956521739131,0.391304347826087,0.0,0.625,Mumbai Indians
1175363,2019-03-29,2019,Rajasthan Royals,Sunrisers Hyderabad,Rajiv Gandhi International Stadium,Hyderabad,Rajasthan Royals,bat,0.5074626865671642,0.5425531914893617,0.4,0.2,0.4444444444444444,0.5555555555555556,0.0,0.7142857142857143,Sunrisers Hyderabad
1175364,2019-03-30,2019,Mumbai Indians,Punjab Kings,Punjab Cricket Association IS Bindra Stadium,Chandigarh,Punjab Kings,field,0.5664739884393064,0.4573170731707317,0.4,0.2,0.5454545454545454,0.4545454545454545,0.5,1.0,Punjab Kings
1175365,2019-03-30,2019,Kolkata Knight Riders,Delhi Capitals,Arun Jaitley Stadium,Delhi,Delhi Capitals,field,0.5301204819277109,0.4171779141104294,0.8,0.6,0.6190476190476191,0.3809523809523809,0.0,0.5,No Result
1175366,2019-03-31,2019,Sunrisers Hyderabad,Royal Challengers Bengaluru,Rajiv Gandhi International Stadium,Hyderabad,Royal Challengers Bengaluru,field,0.5473684210526316,0.4642857142857143,0.4,0.4,0.5454545454545454,0.4545454545454545,0.75,0.0,Sunrisers Hyderabad
1175367,2019-03-31,2019,Chennai Super Kings,Rajasthan Royals,MA Chidambaram Stadium,Chennai,Rajasthan Royals,field,0.6174496644295302,0.5037037037037037,1.0,0.2,0.631578947368421,0.3684210526315789,1.0,0.5,Chennai Super Kings
1175368,2019-04-01,2019,Punjab Kings,Delhi Capitals,Punjab Cricket Association IS Bindra Stadium,Chandigarh,Delhi Capitals,field,0.4606060606060606,0.4146341463414634,0.4,0.6,0.5909090909090909,0.4090909090909091,1.0,0.0,Punjab Kings
1175369,2019-04-02,2019,Royal Challengers Bengaluru,Rajasthan Royals,Sawai Mansingh Stadium,Jaipur,Rajasthan Royals,field,0.4615384615384615,0.5,0.2,0.2,0.4705882352941176,0.5294117647058824,0.5,0.7073170731707317,Rajasthan Royals
1175370,2019-04-03,2019,Mumbai Indians,Chennai Super Kings,Wankhede Stadium,Mumbai,Chennai Super Kings,field,0.5632183908045977,0.62,0.4,1.0,0.5416666666666666,0.4583333333333333,0.6065573770491803,0.5384615384615384,Mumbai Indians
1175371,2019-04-04,2019,Delhi Capitals,Sunrisers Hyderabad,Arun Jaitley Stadium,Delhi,Sunrisers Hyderabad,field,0.4121212121212121,0.5520833333333334,0.6,0.6,0.3333333333333333,0.6666666666666666,0.4444444444444444,1.0,Sunrisers Hyderabad
1175372,2019-04-05,2019,Royal Challengers Bengaluru,Kolkata Knight Riders,M.Chinnaswamy Stadium,Bengaluru,Kolkata Knight Riders,field,0.4588235294117647,0.5269461077844312,0.0,0.8,0.4090909090909091,0.5909090909090909,0.5555555555555556,1.0,Kolkata Knight Riders
1178393,2019-04-06,2019,Chennai Super Kings,Punjab Kings,MA Chidambaram Stadium,Chennai,Chennai Super Kings,bat,0.6158940397350994,0.463855421686747,0.8,0.6,0.6111111111111112,0.3888888888888889,1.0,0.5,Chennai Super Kings
1178394,2019-04-06,2019,Mumbai Indians,Sunrisers Hyderabad,Rajiv Gandhi International Stadium,Hyderabad,Sunrisers Hyderabad,field,0.5657142857142857,0.5567010309278351,0.4,0.6,0.4166666666666667,0.5833333333333334,0.0,0.7777777777777778,Mumbai Indians
1178395,2019-04-07,2019,Royal Challengers Bengaluru,Delhi Capitals,M.Chinnaswamy Stadium,Bengaluru,Delhi Capitals,field,0.4561403508771929,0.4096385542168674,0.0,0.4,0.6842105263157895,0.3157894736842105,0.5,0.0,Delhi Capitals
1178396,2019-04-07,2019,Rajasthan Royals,Kolkata Knight Riders,Sawai Mansingh Stadium,Jaipur,Kolkata Knight Riders,field,0.5036496350364964,0.5297619047619048,0.2,0.8,0.4375,0.5625,0.7142857142857143,0.4,Kolkata Knight Riders
1178397,2019-04-08,2019,Sunrisers Hyderabad,Punjab Kings,Punjab Cricket Association IS Bindra Stadium,Chandigarh,Punjab Kings,field,0.5510204081632653,0.4610778443113772,0.6,0.6,0.75,0.25,0.0,1.0,Punjab Kings
1178398,2019-04-09,2019,Kolkata Knight Riders,Chennai Super Kings,MA Chidambaram Stadium,Chennai,Chennai Super Kings,field,0.5325443786982249,0.618421052631579,0.8,0.8,0.3888888888888889,0.6111111111111112,0.0,1.0,Chennai Super Kings
1178399,2019-04-10,2019,Punjab Kings,Mumbai Indians,Wankhede Stadium,Mumbai,Mumbai Indians,field,0.4642857142857143,0.5681818181818182,0.6,0.6,0.4782608695652174,0.5217391304347826,0.5,0.6129032258064516,Mumbai Indians
1178400,2019-04-11,2019,Rajasthan Royals,Chennai Super Kings,Sawai Mansingh Stadium,Jaipur,Chennai Super Kings,field,0.5,0.6209150326797386,0.2,0.8,0.35,0.65,0.6976744186046512,0.4,Chennai Super Kings
1178401,2019-04-12,2019,Kolkata Knight Riders,Delhi Capitals,Eden Gardens,Kolkata,Delhi Capitals,field,0.5294117647058824,0.4131736526946107,0.8,0.4,0.6190476190476191,0.3809523809523809,0.6376811594202898,0.125,Delhi Capitals
1178402,2019-04-13,2019,Mumbai Indians,Rajasthan Royals,Wankhede Stadium,Mumbai,Rajasthan Royals,field,0.5706214689265536,0.4964028776978417,0.8,0.2,0.5555555555555556,0.4444444444444444,0.6190476190476191,0.4285714285714285,Rajasthan Royals
1178403,2019-04-13,2019,Punjab Kings,Royal Challengers Bengaluru,Punjab Cricket Association IS Bindra Stadium,Chandigarh,Royal Challengers Bengaluru,field,0.4615384615384615,0.4534883720930232,0.6,0.0,0.5454545454545454,0.4545454545454545,1.0,0.5,Royal Challengers Bengaluru
1178404,2019-04-14,2019,Kolkata Knight Riders,Chennai Super Kings,Eden Gardens,Kolkata,Chennai Super Kings,field,0.5263157894736842,0.6233766233766234,0.6,0.8,0.3684210526315789,0.631578947368421,0.6285714285714286,0.4,Chennai Super Kings
1178405,2019-04-14,2019,Delhi Capitals,Sunrisers Hyderabad,Rajiv Gandhi International Stadium,Hyderabad,Sunrisers Hyderabad,field,0.4166666666666667,0.5454545454545454,0.4,0.6,0.3076923076923077,0.6923076923076923,0.0,0.7,Delhi Capitals
1178406,2019-04-15,2019,Royal Challengers Bengaluru,Mumbai Indians,Wankhede Stadium,Mumbai,Mumbai Indians,field,0.4566473988439306,0.5674157303370787,0.2,0.6,0.375,0.625,0.3333333333333333,0.609375,Mumbai Indians
1178407,2019-04-16,2019,Punjab Kings,Rajasthan Royals,Punjab Cricket Association IS Bindra Stadium,Chandigarh,Rajasthan Royals,field,0.4588235294117647,0.5,0.4,0.4,0.4117647058823529,0.5882352941176471,0.8571428571428571,0.5,Punjab Kings
1178408,2019-04-17,2019,Chennai Super Kings,Sunrisers Hyderabad,Rajiv Gandhi International Stadium,Hyderabad,Chennai Super Kings,bat,0.6258064516129033,0.54,0.8,0.4,0.8,0.2,1.0,0.6363636363636364,Sunrisers Hyderabad
1178409,2019-04-18,2019,Mumbai Indians,Delhi Capitals,Arun Jaitley Stadium,Delhi,Mumbai Indians,bat,0.5698324022346368,0.4201183431952662,0.8,0.6,0.4782608695652174,0.5217391304347826,0.0,0.4,Mumbai Indians
1178410,2019-04-19,2019,Royal Challengers Bengaluru,Kolkata Knight Riders,Eden Gardens,Kolkata,Kolkata Knight Riders,field,0.4540229885057471,0.5232558139534884,0.2,0.4,0.391304347826087,0.6086956521739131,0.3333333333333333,0.6197183098591549,Royal Challengers Bengaluru
1178411,2019-04-20,2019,Mumbai Indians,Rajasthan Royals,Sawai Mansingh Stadium,Jaipur,Rajasthan Royals,field,0.5722222222222222,0.4964539007092198,0.8,0.4,0.5263157894736842,0.4736842105263157,0.3333333333333333,0.6818181818181818,Rajasthan Royals
1178412,2019-04-20,2019,Punjab Kings,Delhi Capitals,Arun Jaitley Stadium,Delhi,Delhi Capitals,field,0.4619883040935672,0.4176470588235294,0.4,0.6,0.6086956521739131,0.391304347826087,1.0,0.3636363636363636,Delhi Capitals
1178413,2019-04-21,2019,Kolkata Knight Riders,Sunrisers Hyderabad,Rajiv Gandhi International Stadium,Hyderabad,Sunrisers Hyderabad,field,0.5202312138728323,0.5445544554455446,0.2,0.4,0.625,0.375,1.0,0.6666666666666666,Sunrisers Hyderabad
1178414,2019-04-21,2019,Royal Challengers Bengaluru,Chennai Super Kings,M.Chinnaswamy Stadium,Bengaluru,Chennai Super Kings,field,0.4571428571428571,0.6217948717948718,0.4,0.8,0.3181818181818182,0.6818181818181818,0.4545454545454545,1.0,Royal Challengers Bengaluru
1178415,2019-04-22,2019,Rajasthan Royals,Delhi Capitals,Sawai Mansingh Stadium,Jaipur,Delhi Capitals,field,0.5,0.4210526315789473,0.4,0.8,0.6111111111111112,0.3888888888888889,0.6888888888888889,0.2,Delhi Capitals
1178416,2019-04-23,2019,Sunrisers Hyderabad,Chennai Super Kings,MA Chidambaram Stadium,Chennai,Chennai Super Kings,field,0.5490196078431373,0.6178343949044586,0.4,0.6,0.2727272727272727,0.7272727272727273,0.5,1.0,Chennai Super Kings
1178417,2019-04-24,2019,Royal Challengers Bengaluru,Punjab Kings,M.Chinnaswamy Stadium,Bengaluru,Punjab Kings,field,0.4602272727272727,0.4593023255813953,0.6,0.4,0.4782608695652174,0.5217391304347826,0.5,0.0,Royal Challengers Bengaluru
1178418,2019-04-25,2019,Kolkata Knight Riders,Rajasthan Royals,Eden Gardens,Kolkata,Rajasthan Royals,field,0.5172413793103449,0.4965034965034965,0.0,0.4,0.5882352941176471,0.4117647058823529,0.6111111111111112,0.125,Rajasthan Royals
1178419,2019-04-26,2019,Mumbai Indians,Chennai Super Kings,MA Chidambaram Stadium,Chennai,Chennai Super Kings,field,0.569060773480663,0.620253164556962,0.6,0.6,0.56,0.44,0.5,1.0,Mumbai Indians
1178420,2019-04-27,2019,Sunrisers Hyderabad,Rajasthan Royals,Sawai Mansingh Stadium,Jaipur,Rajasthan Royals,field,0.5436893203883495,0.5,0.4,0.6,0.6,0.4,0.5,0.6739130434782609,Rajasthan Royals
1178421,2019-04-28,2019,Delhi Capitals,Royal Challengers Bengaluru,Arun Jaitley Stadium,Delhi,Delhi Capitals,bat,0.4244186046511627,0.4632768361581921,0.8,0.8,0.35,0.65,0.4166666666666667,1.0,Delhi Capitals
1178422,2019-04-28,2019,Kolkata Knight Riders,Mumbai Indians,Eden Gardens,Kolkata,Mumbai Indians,field,0.5142857142857142,0.5714285714285714,0.0,0.6,0.217391304347826,0.782608695652174,0.6027397260273972,0.8333333333333334,Kolkata Knight Riders
1178423,2019-04-29,2019,Sunrisers Hyderabad,Punjab Kings,Rajiv Gandhi International Stadium,Hyderabad,Punjab Kings,field,0.5384615384615384,0.4566473988439306,0.4,0.2,0.6923076923076923,0.3076923076923077,0.6923076923076923,0.0,Sunrisers Hyderabad
1178424,2019-04-30,2019,Royal Challengers Bengaluru,Rajasthan Royals,M.Chinnaswamy Stadium,Bengaluru,Rajasthan Royals,field,0.4606741573033708,0.503448275862069,0.6,0.6,0.4444444444444444,0.5555555555555556,0.5384615384615384,1.0,No Result
1178425,2019-05-01,2019,Chennai Super Kings,Delhi Capitals,MA Chidambaram Stadium,Chennai,Delhi Capitals,field,0.6163522012578616,0.4277456647398844,0.4,0.8,0.6842105263157895,0.3157894736842105,0.8571428571428571,0.5,Chennai Super Kings
1178426,2019-05-02,2019,Mumbai Indians,Sunrisers Hyderabad,Wankhede Stadium,Mumbai,Mumbai Indians,bat,0.5683060109289617,0.5428571428571428,0.6,0.6,0.4615384615384615,0.5384615384615384,0.6153846153846154,0.1666666666666666,No Result
1178427,2019-05-03,2019,Punjab Kings,Kolkata Knight Riders,Punjab Cricket Association IS Bindra Stadium,Chandigarh,Kolkata Knight Riders,field,0.4540229885057471,0.5170454545454546,0.2,0.2,0.3333333333333333,0.6666666666666666,0.875,0.5,Kolkata Knight Riders
1178428,2019-05-04,2019,Rajasthan Royals,Delhi Capitals,Arun Jaitley Stadium,Delhi,Rajasthan Royals,bat,0.5,0.425287356321839,0.6,0.6,0.5789473684210527,0.4210526315789473,0.0,0.4615384615384615,Delhi Capitals
1178429,2019-05-04,2019,Sunrisers Hyderabad,Royal Challengers Bengaluru,M.Chinnaswamy Stadium,Bengaluru,Royal Challengers Bengaluru,field,0.5377358490566038,0.4581005586592179,0.6,0.6,0.5833333333333334,0.4166666666666667,0.0,0.5,Royal Challengers Bengaluru
1178430,2019-05-05,2019,Chennai Super Kings,Punjab Kings,Punjab Cricket Association IS Bindra Stadium,Chandigarh,Punjab Kings,field,0.61875,0.4514285714285714,0.4,0.2,0.631578947368421,0.3684210526315789,0.0,0.7777777777777778,Punjab Kings
1178431,2019-05-05,2019,Kolkata Knight Riders,Mumbai Indians,Wankhede Stadium,Mumbai,Mumbai Indians,field,0.519774011299435,0.5652173913043478,0.4,0.6,0.25,0.75,0.125,0.6060606060606061,Mumbai Indians
1181764,2019-05-07,2019,Chennai Super Kings,Mumbai Indians,MA Chidambaram Stadium,Chennai,Chennai Super Kings,bat,0.6149068322981367,0.5675675675675675,0.4,0.6,0.4230769230769231,0.5769230769230769,0.875,1.0,Mumbai Indians
1181766,2019-05-08,2019,Sunrisers Hyderabad,Delhi Capitals,Dr. Y.S. Rajasekhara Reddy ACA-VDCA Cricket Stadium,Visakhapatnam,Delhi Capitals,field,0.5327102803738317,0.4285714285714285,0.4,0.8,0.6428571428571429,0.3571428571428571,0.6,0.3333333333333333,Delhi Capitals
1181767,2019-05-10,2019,Delhi Capitals,Chennai Super Kings,Dr. Y.S. Rajasekhara Reddy ACA-VDCA Cricket Stadium,Visakhapatnam,Chennai Super Kings,field,0.4318181818181818,0.6111111111111112,0.8,0.4,0.3,0.7,0.5,1.0,Chennai Super Kings
1181768,2019-05-12,2019,Mumbai Indians,Chennai Super Kings,Rajiv Gandhi International Stadium,Hyderabad,Mumbai Indians,bat,0.5698924731182796,0.6134969325153374,0.6,0.4,0.5925925925925926,0.4074074074074074,0.5,0.5,Mumbai Indians
1216492,2020-09-19,2020/21,Mumbai Indians,Chennai Super Kings,Sheikh Zayed Stadium,Abu Dhabi,Chennai Super Kings,field,0.5721925133689839,0.6097560975609756,0.8,0.4,0.6071428571428571,0.3928571428571428,0.0,0.5,Chennai Super Kings
1216493,2020-09-20,2020/21,Delhi Capitals,Punjab Kings,Dubai International Cricket Stadium,Unknown,Punjab Kings,field,0.4293785310734463,0.4545454545454545,0.6,0.2,0.4166666666666667,0.5833333333333334,0.5,1.0,No Result
1216534,2020-09-21,2020/21,Royal Challengers Bengaluru,Sunrisers Hyderabad,Dubai International Cricket Stadium,Unknown,Sunrisers Hyderabad,field,0.4611111111111111,0.5277777777777778,0.8,0.2,0.4615384615384615,0.5384615384615384,0.5,1.0,Royal Challengers Bengaluru
1216496,2020-09-22,2020/21,Rajasthan Royals,Chennai Super Kings,Sharjah Cricket Stadium,Unknown,Chennai Super Kings,field,0.4965986394557823,0.6121212121212121,0.6,0.4,0.3333333333333333,0.6666666666666666,0.0,1.0,Rajasthan Royals
1216508,2020-09-23,2020/21,Mumbai Indians,Kolkata Knight Riders,Sheikh Zayed Stadium,Abu Dhabi,Kolkata Knight Riders,field,0.5691489361702128,0.5168539325842697,0.6,0.4,0.76,0.24,0.0,0.3333333333333333,Mumbai Indians
1216510,2020-09-24,2020/21,Punjab Kings,Royal Challengers Bengaluru,Dubai International Cricket Stadium,Unknown,Royal Challengers Bengaluru,field,0.4519774011299435,0.4640883977900552,0.2,0.8,0.5,0.5,0.5,0.6666666666666666,Punjab Kings
1216539,2020-09-25,2020/21,Delhi Capitals,Chennai Super Kings,Dubai International Cricket Stadium,Unknown,Chennai Super Kings,field,0.4269662921348314,0.608433734939759,0.6,0.4,0.2857142857142857,0.7142857142857143,0.3333333333333333,1.0,Delhi Capitals
1216545,2020-09-26,2020/21,Sunrisers Hyderabad,Kolkata Knight Riders,Sheikh Zayed Stadium,Abu Dhabi,Sunrisers Hyderabad,bat,0.5229357798165137,0.5139664804469274,0.2,0.4,0.4117647058823529,0.5882352941176471,0.0,0.25,Kolkata Knight Riders
1216527,2020-09-27,2020/21,Punjab Kings,Rajasthan Royals,Sharjah Cricket Stadium,Unknown,Rajasthan Royals,field,0.4550561797752809,0.5,0.4,0.6,0.4444444444444444,0.5555555555555556,1.0,0.5,Rajasthan Royals
1216547,2020-09-28,2020/21,Royal Challengers Bengaluru,Mumbai Indians,Dubai International Cricket Stadium,Unknown,Mumbai Indians,field,0.4615384615384615,0.5714285714285714,0.6,0.8,0.36,0.64,0.5,0.0,No Result
1216532,2020-09-29,2020/21,Sunrisers Hyderabad,Delhi Capitals,Sheikh Zayed Stadium,Abu Dhabi,Delhi Capitals,field,0.5181818181818182,0.4301675977653631,0.2,0.6,0.6,0.4,0.0,0.0,Sunrisers Hyderabad
1216504,2020-09-30,2020/21,Kolkata Knight Riders,Rajasthan Royals,Dubai International Cricket Stadium,Unknown,Rajasthan Royals,field,0.5166666666666667,0.5033557046979866,0.6,0.8,0.5555555555555556,0.4444444444444444,0.0,0.0,Kolkata Knight Riders
1216503,2020-10-01,2020/21,Mumbai Indians,Punjab Kings,Sheikh Zayed Stadium,Abu Dhabi,Punjab Kings,field,0.5684210526315789,0.4525139664804469,0.8,0.4,0.5416666666666666,0.4583333333333333,0.3333333333333333,1.0,Mumbai Indians
1216516,2020-10-02,2020/21,Sunrisers Hyderabad,Chennai Super Kings,Dubai International Cricket Stadium,Unknown,Sunrisers Hyderabad,bat,0.5225225225225225,0.6047904191616766,0.2,0.4,0.25,0.75,0.6666666666666666,0.6666666666666666,Sunrisers Hyderabad
1216514,2020-10-03,2020/21,Rajasthan Royals,Royal Challengers Bengaluru,Sheikh Zayed Stadium,Abu Dhabi,Rajasthan Royals,bat,0.5,0.4590163934426229,0.6,0.6,0.5555555555555556,0.4444444444444444,0.6666666666666666,0.0,Royal Challengers Bengaluru
1216515,2020-10-03,2020/21,Delhi Capitals,Kolkata Knight Riders,Sharjah Cricket Stadium,Unknown,Kolkata Knight Riders,field,0.4277777777777777,0.5193370165745856,0.6,0.6,0.4090909090909091,0.5909090909090909,0.5,1.0,Delhi Capitals
1216513,2020-10-04,2020/21,Punjab Kings,Chennai Super Kings,Dubai International Cricket Stadium,Unknown,Punjab Kings,bat,0.45,0.6011904761904762,0.4,0.2,0.4,0.6,0.6666666666666666,0.5,Chennai Super Kings
1216538,2020-10-04,2020/21,Mumbai Indians,Sunrisers Hyderabad,Sharjah Cricket Stadium,Unknown,Mumbai Indians,bat,0.5706806282722513,0.5267857142857143,0.8,0.4,0.4615384615384615,0.5384615384615384,0.0,0.0,Mumbai Indians
1216519,2020-10-05,2020/21,Delhi Capitals,Royal Challengers Bengaluru,Dubai International Cricket Stadium,Unknown,Royal Challengers Bengaluru,field,0.430939226519337,0.4619565217391304,0.6,0.6,0.3809523809523809,0.6190476190476191,0.5,0.4,Delhi Capitals
1216511,2020-10-06,2020/21,Mumbai Indians,Rajasthan Royals,Sheikh Zayed Stadium,Abu Dhabi,Mumbai Indians,bat,0.5729166666666666,0.4966887417218543,0.8,0.4,0.5,0.5,0.5,0.5,Mumbai Indians
1216501,2020-10-07,2020/21,Kolkata Knight Riders,Chennai Super Kings,Sheikh Zayed Stadium,Abu Dhabi,Kolkata Knight Riders,bat,0.5164835164835165,0.6035502958579881,0.4,0.4,0.35,0.65,0.4,0.6666666666666666,Kolkata Knight Riders
1216542,2020-10-08,2020/21,Sunrisers Hyderabad,Punjab Kings,Dubai International Cricket Stadium,Unknown,Sunrisers Hyderabad,bat,0.5221238938053098,0.4475138121546961,0.4,0.4,0.7142857142857143,0.2857142857142857,0.75,0.5,Sunrisers Hyderabad
1216500,2020-10-09,2020/21,Delhi Capitals,Rajasthan Royals,Sharjah Cricket Stadium,Unknown,Rajasthan Royals,field,0.4340659340659341,0.4934210526315789,0.6,0.4,0.45,0.55,0.6666666666666666,0.6666666666666666,Delhi Capitals
1216523,2020-10-10,2020/21,Kolkata Knight Riders,Punjab Kings,Sheikh Zayed Stadium,Abu Dhabi,Kolkata Knight Riders,bat,0.5191256830601093,0.445054945054945,0.6,0.2,0.68,0.32,0.5,0.6666666666666666,Kolkata Knight Riders
1216525,2020-10-10,2020/21,Royal Challengers Bengaluru,Chennai Super Kings,Dubai International Cricket Stadium,Unknown,Royal Challengers Bengaluru,bat,0.4594594594594595,0.6,0.6,0.2,0.3478260869565217,0.6521739130434783,0.3333333333333333,0.6,Royal Challengers Bengaluru
1216507,2020-10-11,2020/21,Sunrisers Hyderabad,Rajasthan Royals,Dubai International Cricket Stadium,Unknown,Sunrisers Hyderabad,bat,0.5263157894736842,0.4901960784313725,0.6,0.2,0.5454545454545454,0.4545454545454545,0.8,0.0,Rajasthan Royals
1216529,2020-10-11,2020/21,Delhi Capitals,Mumbai Indians,Sheikh Zayed Stadium,Abu Dhabi,Delhi Capitals,bat,0.4371584699453552,0.5751295336787565,0.8,0.8,0.5,0.5,0.0,0.6,Mumbai Indians
1216540,2020-10-12,2020/21,Royal Challengers Bengaluru,Kolkata Knight Riders,Sharjah Cricket Stadium,Unknown,Royal Challengers Bengaluru,bat,0.4623655913978494,0.5217391304347826,0.6,0.8,0.4166666666666667,0.5833333333333334,0.5,0.5,Royal Challengers Bengaluru
1216528,2020-10-13,2020/21,Chennai Super Kings,Sunrisers Hyderabad,Dubai International Cricket Stadium,Unknown,Chennai Super Kings,bat,0.5964912280701754,0.5217391304347826,0.2,0.6,0.6923076923076923,0.3076923076923077,0.5,0.6666666666666666,Chennai Super Kings
1216543,2020-10-14,2020/21,Delhi Capitals,Rajasthan Royals,Dubai International Cricket Stadium,Unknown,Delhi Capitals,bat,0.4347826086956521,0.4935064935064935,0.6,0.2,0.4761904761904761,0.5238095238095238,0.6,0.3333333333333333,Delhi Capitals
1216531,2020-10-15,2020/21,Royal Challengers Bengaluru,Punjab Kings,Sharjah Cricket Stadium,Unknown,Royal Challengers Bengaluru,bat,0.46524064171123,0.4426229508196721,0.6,0.0,0.48,0.52,0.6666666666666666,0.6666666666666666,Punjab Kings
1216526,2020-10-16,2020/21,Kolkata Knight Riders,Mumbai Indians,Sheikh Zayed Stadium,Abu Dhabi,Kolkata Knight Riders,bat,0.518918918918919,0.5773195876288659,0.6,1.0,0.2307692307692307,0.7692307692307693,0.5714285714285714,0.6666666666666666,Mumbai Indians
1216509,2020-10-17,2020/21,Chennai Super Kings,Delhi Capitals,Sharjah Cricket Stadium,Unknown,Chennai Super Kings,bat,0.5988372093023255,0.4378378378378378,0.4,0.8,0.6818181818181818,0.3181818181818182,0.5,0.75,Delhi Capitals
1216522,2020-10-17,2020/21,Rajasthan Royals,Royal Challengers Bengaluru,Dubai International Cricket Stadium,Unknown,Rajasthan Royals,bat,0.4903225806451612,0.4627659574468085,0.2,0.6,0.5263157894736842,0.4736842105263157,0.25,0.4285714285714285,Royal Challengers Bengaluru
1216512,2020-10-18,2020/21,Kolkata Knight Riders,Sunrisers Hyderabad,Sheikh Zayed Stadium,Abu Dhabi,Sunrisers Hyderabad,field,0.5161290322580645,0.5172413793103449,0.4,0.4,0.6111111111111112,0.3888888888888889,0.5,0.3333333333333333,No Result
1216517,2020-10-18,2020/21,Mumbai Indians,Punjab Kings,Dubai International Cricket Stadium,Unknown,Mumbai Indians,bat,0.5794871794871795,0.4456521739130434,1.0,0.2,0.56,0.44,0.0,0.4,No Result
1216533,2020-10-19,2020/21,Chennai Super Kings,Rajasthan Royals,Sheikh Zayed Stadium,Abu Dhabi,Chennai Super Kings,bat,0.5953757225433526,0.4871794871794871,0.4,0.2,0.6363636363636364,0.3636363636363636,0.5,0.4,Rajasthan Royals
1216546,2020-10-20,2020/21,Delhi Capitals,Punjab Kings,Dubai International Cricket Stadium,Unknown,Delhi Capitals,bat,0.4408602150537634,0.4432432432432432,0.8,0.2,0.4166666666666667,0.5833333333333334,0.6666666666666666,0.3333333333333333,Punjab Kings
1216494,2020-10-21,2020/21,Kolkata Knight Riders,Royal Challengers Bengaluru,Sheikh Zayed Stadium,Abu Dhabi,Kolkata Knight Riders,bat,0.5133689839572193,0.4656084656084656,0.4,0.6,0.56,0.44,0.4444444444444444,0.5,Royal Challengers Bengaluru
1216518,2020-10-22,2020/21,Rajasthan Royals,Sunrisers Hyderabad,Dubai International Cricket Stadium,Unknown,Sunrisers Hyderabad,field,0.4904458598726114,0.5128205128205128,0.4,0.4,0.5,0.5,0.2,0.5714285714285714,Sunrisers Hyderabad
1216521,2020-10-23,2020/21,Chennai Super Kings,Mumbai Indians,Sharjah Cricket Stadium,Unknown,Mumbai Indians,field,0.5919540229885057,0.576530612244898,0.2,1.0,0.4137931034482758,0.5862068965517241,0.3333333333333333,0.5,Mumbai Indians
1216497,2020-10-24,2020/21,Kolkata Knight Riders,Delhi Capitals,Sheikh Zayed Stadium,Abu Dhabi,Delhi Capitals,field,0.5106382978723404,0.4385026737967914,0.4,0.6,0.5652173913043478,0.4347826086956521,0.4,0.0,Kolkata Knight Riders
1216498,2020-10-24,2020/21,Punjab Kings,Sunrisers Hyderabad,Dubai International Cricket Stadium,Unknown,Sunrisers Hyderabad,field,0.4462365591397849,0.5169491525423728,0.4,0.4,0.2666666666666666,0.7333333333333333,0.4285714285714285,0.625,Punjab Kings
1216541,2020-10-25,2020/21,Mumbai Indians,Rajasthan Royals,Sheikh Zayed Stadium,Abu Dhabi,Mumbai Indians,bat,0.5786802030456852,0.4873417721518987,1.0,0.4,0.5238095238095238,0.4761904761904761,0.7142857142857143,0.5,Rajasthan Royals
1216544,2020-10-25,2020/21,Royal Challengers Bengaluru,Chennai Super Kings,Dubai International Cricket Stadium,Unknown,Royal Challengers Bengaluru,bat,0.4684210526315789,0.5885714285714285,0.8,0.2,0.375,0.625,0.5,0.5714285714285714,Chennai Super Kings
1216520,2020-10-26,2020/21,Kolkata Knight Riders,Punjab Kings,Sharjah Cricket Stadium,Unknown,Punjab Kings,field,0.5132275132275133,0.4491978609625668,0.4,0.6,0.6923076923076923,0.3076923076923077,0.3333333333333333,0.75,Punjab Kings
1216524,2020-10-27,2020/21,Sunrisers Hyderabad,Delhi Capitals,Dubai International Cricket Stadium,Unknown,Delhi Capitals,field,0.5126050420168067,0.4361702127659574,0.4,0.4,0.625,0.375,0.5555555555555556,0.5714285714285714,Sunrisers Hyderabad
1216499,2020-10-28,2020/21,Royal Challengers Bengaluru,Mumbai Indians,Sheikh Zayed Stadium,Abu Dhabi,Mumbai Indians,field,0.4659685863874345,0.5757575757575758,0.6,0.8,0.36,0.64,0.6666666666666666,0.625,Mumbai Indians
1216536,2020-10-29,2020/21,Kolkata Knight Riders,Chennai Super Kings,Dubai International Cricket Stadium,Unknown,Chennai Super Kings,field,0.5105263157894737,0.5909090909090909,0.2,0.4,0.3809523809523809,0.6190476190476191,0.5,0.625,Chennai Super Kings
1216537,2020-10-30,2020/21,Punjab Kings,Rajasthan Royals,Sheikh Zayed Stadium,Abu Dhabi,Rajasthan Royals,field,0.4521276595744681,0.490566037735849,0.8,0.4,0.4210526315789473,0.5789473684210527,0.5,0.5714285714285714,Rajasthan Royals
1216502,2020-10-31,2020/21,Royal Challengers Bengaluru,Sunrisers Hyderabad,Sharjah Cricket Stadium,Unknown,Sunrisers Hyderabad,field,0.4635416666666667,0.5166666666666667,0.4,0.4,0.5,0.5,0.5,0.0,Sunrisers Hyderabad
1216535,2020-10-31,2020/21,Delhi Capitals,Mumbai Indians,Dubai International Cricket Stadium,Unknown,Mumbai Indians,field,0.4338624338624338,0.5778894472361809,0.4,0.8,0.48,0.52,0.5,0.0,Mumbai Indians
1216506,2020-11-01,2020/21,Punjab Kings,Chennai Super Kings,Sheikh Zayed Stadium,Abu Dhabi,Chennai Super Kings,field,0.4497354497354497,0.5932203389830508,0.8,0.4,0.3809523809523809,0.6190476190476191,0.4,0.4,Chennai Super Kings
1216530,2020-11-01,2020/21,Kolkata Knight Riders,Rajasthan Royals,Dubai International Cricket Stadium,Unknown,Rajasthan Royals,field,0.5078534031413613,0.49375,0.2,0.6,0.5789473684210527,0.4210526315789473,0.3333333333333333,0.1666666666666666,Kolkata Knight Riders
1216505,2020-11-02,2020/21,Royal Challengers Bengaluru,Delhi Capitals,Sheikh Zayed Stadium,Abu Dhabi,Delhi Capitals,field,0.4611398963730569,0.431578947368421,0.4,0.2,0.5909090909090909,0.4090909090909091,0.5,0.0,Delhi Capitals
1216495,2020-11-03,2020/21,Mumbai Indians,Sunrisers Hyderabad,Sharjah Cricket Stadium,Unknown,Sunrisers Hyderabad,field,0.58,0.5206611570247934,0.8,0.6,0.5,0.5,0.6666666666666666,0.25,Sunrisers Hyderabad
1237177,2020-11-05,2020/21,Mumbai Indians,Delhi Capitals,Dubai International Cricket Stadium,Unknown,Delhi Capitals,field,0.5771144278606966,0.4345549738219895,0.6,0.2,0.5384615384615384,0.4615384615384615,0.1666666666666666,0.4444444444444444,Mumbai Indians
1237178,2020-11-06,2020/21,Royal Challengers Bengaluru,Sunrisers Hyderabad,Sheikh Zayed Stadium,Abu Dhabi,Sunrisers Hyderabad,field,0.4587628865979381,0.5245901639344263,0.2,0.8,0.4666666666666667,0.5333333333333333,0.4,0.25,Sunrisers Hyderabad
1237180,2020-11-08,2020/21,Delhi Capitals,Sunrisers Hyderabad,Sheikh Zayed Stadium,Abu Dhabi,Delhi Capitals,bat,0.4322916666666667,0.5284552845528455,0.2,0.8,0.3529411764705882,0.6470588235294118,0.2,0.4,Delhi Capitals
1237181,2020-11-10,2020/21,Delhi Capitals,Mumbai Indians,Dubai International Cricket Stadium,Unknown,Delhi Capitals,bat,0.4352331606217616,0.5792079207920792,0.4,0.6,0.4444444444444444,0.5555555555555556,0.4,0.2857142857142857,Mumbai Indians
1254058,2021-04-09,2021,Mumbai Indians,Royal Challengers Bengaluru,"MA Chidambaram Stadium, Chepauk, Chennai",Chennai,Royal Challengers Bengaluru,field,0.5812807881773399,0.4564102564102564,0.8,0.0,0.6538461538461539,0.3461538461538461,0.5,0.5,Royal Challengers Bengaluru
1254059,2021-04-10,2021,Chennai Super Kings,Delhi Capitals,"Wankhede Stadium, Mumbai",Mumbai,Delhi Capitals,field,0.5955056179775281,0.4329896907216495,0.6,0.4,0.6521739130434783,0.3478260869565217,0.5,0.5,Delhi Capitals
1254060,2021-04-11,2021,Kolkata Knight Riders,Sunrisers Hyderabad,"MA Chidambaram Stadium, Chepauk, Chennai",Chennai,Sunrisers Hyderabad,field,0.5104166666666666,0.5241935483870968,0.4,0.8,0.6111111111111112,0.3888888888888889,0.5,0.5,Kolkata Knight Riders
1254061,2021-04-12,2021,Punjab Kings,Rajasthan Royals,"Wankhede Stadium, Mumbai",Mumbai,Rajasthan Royals,field,0.4473684210526316,0.4906832298136646,0.6,0.6,0.4,0.6,0.5,0.5,Punjab Kings
1254062,2021-04-13,2021,Mumbai Indians,Kolkata Knight Riders,"MA Chidambaram Stadium, Chepauk, Chennai",Chennai,Kolkata Knight Riders,field,0.5784313725490197,0.5129533678756477,0.6,0.6,0.7777777777777778,0.2222222222222222,0.0,1.0,Mumbai Indians
1254063,2021-04-14,2021,Royal Challengers Bengaluru,Sunrisers Hyderabad,"MA Chidambaram Stadium, Chepauk, Chennai",Chennai,Sunrisers Hyderabad,field,0.4591836734693877,0.52,0.2,0.6,0.4375,0.5625,1.0,0.0,Royal Challengers Bengaluru
1254064,2021-04-15,2021,Delhi Capitals,Rajasthan Royals,"Wankhede Stadium, Mumbai",Mumbai,Rajasthan Royals,field,0.4358974358974359,0.4876543209876543,0.6,0.4,0.5,0.5,1.0,0.0,Rajasthan Royals
1254065,2021-04-16,2021,Punjab Kings,Chennai Super Kings,"Wankhede Stadium, Mumbai",Mumbai,Chennai Super Kings,field,0.450261780104712,0.5921787709497207,0.6,0.6,0.3636363636363636,0.6363636363636364,1.0,0.0,Chennai Super Kings
1254066,2021-04-17,2021,Mumbai Indians,Sunrisers Hyderabad,"MA Chidambaram Stadium, Chepauk, Chennai",Chennai,Mumbai Indians,bat,0.5804878048780487,0.5158730158730159,0.6,0.4,0.4666666666666667,0.5333333333333333,0.5,0.0,Mumbai Indians
1254067,2021-04-18,2021,Royal Challengers Bengaluru,Kolkata Knight Riders,"MA Chidambaram Stadium, Chepauk, Chennai",Chennai,Royal Challengers Bengaluru,bat,0.4619289340101523,0.5103092783505154,0.4,0.4,0.4615384615384615,0.5384615384615384,1.0,0.5,Royal Challengers Bengaluru
1254068,2021-04-18,2021,Punjab Kings,Delhi Capitals,"Wankhede Stadium, Mumbai",Mumbai,Delhi Capitals,field,0.4479166666666667,0.4336734693877551,0.4,0.4,0.6,0.4,0.5,0.5,Delhi Capitals
1254069,2021-04-19,2021,Chennai Super Kings,Rajasthan Royals,"Wankhede Stadium, Mumbai",Mumbai,Rajasthan Royals,field,0.5944444444444444,0.4907975460122699,0.8,0.6,0.6086956521739131,0.391304347826087,0.5,0.5,Chennai Super Kings
1254070,2021-04-20,2021,Mumbai Indians,Delhi Capitals,"MA Chidambaram Stadium, Chepauk, Chennai",Chennai,Mumbai Indians,bat,0.5825242718446602,0.4365482233502538,0.8,0.6,0.5714285714285714,0.4285714285714285,0.6666666666666666,0.5,Delhi Capitals
1254071,2021-04-21,2021,Punjab Kings,Sunrisers Hyderabad,"MA Chidambaram Stadium, Chepauk, Chennai",Chennai,Punjab Kings,bat,0.4455958549222797,0.5118110236220472,0.2,0.2,0.3125,0.6875,0.5,0.0,Sunrisers Hyderabad
1254072,2021-04-21,2021,Chennai Super Kings,Kolkata Knight Riders,"Wankhede Stadium, Mumbai",Mumbai,Kolkata Knight Riders,field,0.5966850828729282,0.5076923076923077,0.8,0.4,0.6363636363636364,0.3636363636363636,0.6666666666666666,0.5,Chennai Super Kings
1254073,2021-04-22,2021,Rajasthan Royals,Royal Challengers Bengaluru,"Wankhede Stadium, Mumbai",Mumbai,Royal Challengers Bengaluru,field,0.4878048780487805,0.4646464646464646,0.4,0.6,0.5,0.5,0.3333333333333333,0.5,Royal Challengers Bengaluru
1254074,2021-04-23,2021,Mumbai Indians,Punjab Kings,"MA Chidambaram Stadium, Chepauk, Chennai",Chennai,Punjab Kings,field,0.5797101449275363,0.4432989690721649,0.6,0.2,0.56,0.44,0.5,0.0,Punjab Kings
1254075,2021-04-24,2021,Kolkata Knight Riders,Rajasthan Royals,"Wankhede Stadium, Mumbai",Mumbai,Rajasthan Royals,field,0.5051020408163265,0.4848484848484848,0.4,0.2,0.6,0.4,0.0,0.25,Rajasthan Royals
1254076,2021-04-25,2021,Chennai Super Kings,Royal Challengers Bengaluru,"Wankhede Stadium, Mumbai",Mumbai,Chennai Super Kings,bat,0.5989010989010989,0.4673366834170854,0.8,0.8,0.64,0.36,0.75,1.0,Chennai Super Kings
1254077,2021-04-25,2021,Delhi Capitals,Sunrisers Hyderabad,"MA Chidambaram Stadium, Chepauk, Chennai",Chennai,Delhi Capitals,bat,0.4393939393939394,0.515625,0.6,0.2,0.3888888888888889,0.6111111111111112,1.0,0.25,No Result
1254078,2021-04-26,2021,Punjab Kings,Kolkata Knight Riders,"Narendra Modi Stadium, Ahmedabad",Ahmedabad,Kolkata Knight Riders,field,0.4461538461538462,0.5025380710659898,0.4,0.2,0.3333333333333333,0.6666666666666666,0.5,0.5,Kolkata Knight Riders
1254079,2021-04-27,2021,Royal Challengers Bengaluru,Delhi Capitals,"Narendra Modi Stadium, Ahmedabad",Ahmedabad,Delhi Capitals,field,0.465,0.4371859296482412,0.8,0.6,0.5652173913043478,0.4347826086956521,0.5,0.5,Royal Challengers Bengaluru
1254080,2021-04-28,2021,Sunrisers Hyderabad,Chennai Super Kings,"Arun Jaitley Stadium, Delhi",Delhi,Sunrisers Hyderabad,bat,0.5116279069767442,0.6010928961748634,0.2,0.8,0.2857142857142857,0.7142857142857143,0.5,0.5,Chennai Super Kings
1254081,2021-04-29,2021,Rajasthan Royals,Mumbai Indians,"Arun Jaitley Stadium, Delhi",Delhi,Mumbai Indians,field,0.4879518072289157,0.5769230769230769,0.4,0.4,0.5,0.5,0.5,0.5,Mumbai Indians
1254082,2021-04-29,2021,Kolkata Knight Riders,Delhi Capitals,"Narendra Modi Stadium, Ahmedabad",Ahmedabad,Delhi Capitals,field,0.5050505050505051,0.435,0.2,0.6,0.5833333333333334,0.4166666666666667,1.0,0.0,Delhi Capitals
1254083,2021-04-30,2021,Punjab Kings,Royal Challengers Bengaluru,"Narendra Modi Stadium, Ahmedabad",Ahmedabad,Royal Challengers Bengaluru,field,0.4438775510204081,0.4676616915422885,0.2,0.8,0.5384615384615384,0.4615384615384615,0.0,1.0,Punjab Kings
1254084,2021-05-01,2021,Chennai Super Kings,Mumbai Indians,"Arun Jaitley Stadium, Delhi",Delhi,Mumbai Indians,field,0.6032608695652174,0.5789473684210527,1.0,0.6,0.4,0.6,1.0,1.0,Mumbai Indians
1254085,2021-05-02,2021,Rajasthan Royals,Sunrisers Hyderabad,"Arun Jaitley Stadium, Delhi",Delhi,Sunrisers Hyderabad,field,0.4850299401197604,0.5076923076923077,0.4,0.2,0.4615384615384615,0.5384615384615384,0.0,0.0,Rajasthan Royals
1254086,2021-05-02,2021,Punjab Kings,Delhi Capitals,"Narendra Modi Stadium, Ahmedabad",Ahmedabad,Delhi Capitals,field,0.4467005076142132,0.4378109452736318,0.4,0.6,0.5769230769230769,0.4230769230769231,0.5,0.5,Delhi Capitals
1254104,2021-09-19,2021,Chennai Super Kings,Mumbai Indians,Dubai International Cricket Stadium,Dubai,Chennai Super Kings,bat,0.6,0.580952380952381,0.8,0.6,0.3870967741935484,0.6129032258064516,0.6666666666666666,0.375,Chennai Super Kings
1254087,2021-09-20,2021,Royal Challengers Bengaluru,Kolkata Knight Riders,"Zayed Cricket Stadium, Abu Dhabi",Abu Dhabi,Royal Challengers Bengaluru,bat,0.4653465346534653,0.5025125628140703,0.6,0.2,0.4814814814814814,0.5185185185185185,0.5,0.5,Kolkata Knight Riders
1254111,2021-09-21,2021,Rajasthan Royals,Punjab Kings,Dubai International Cricket Stadium,Dubai,Punjab Kings,field,0.4880952380952381,0.4444444444444444,0.4,0.4,0.5714285714285714,0.4285714285714285,0.1428571428571428,0.5,Rajasthan Royals
1254105,2021-09-22,2021,Sunrisers Hyderabad,Delhi Capitals,Dubai International Cricket Stadium,Dubai,Sunrisers Hyderabad,bat,0.5038167938931297,0.4405940594059406,0.2,0.8,0.6111111111111112,0.3888888888888889,0.6,0.3636363636363636,Delhi Capitals
1254096,2021-09-23,2021,Mumbai Indians,Kolkata Knight Riders,"Zayed Cricket Stadium, Abu Dhabi",Abu Dhabi,Kolkata Knight Riders,field,0.5781990521327014,0.505,0.4,0.4,0.7857142857142857,0.2142857142857142,0.5,1.0,Kolkata Knight Riders
1254113,2021-09-24,2021,Royal Challengers Bengaluru,Chennai Super Kings,Sharjah Cricket Stadium,Sharjah,Chennai Super Kings,field,0.4630541871921182,0.6021505376344086,0.4,0.8,0.3461538461538461,0.6538461538461539,0.4,0.25,Chennai Super Kings
1254097,2021-09-25,2021,Delhi Capitals,Rajasthan Royals,"Zayed Cricket Stadium, Abu Dhabi",Abu Dhabi,Rajasthan Royals,field,0.4433497536945813,0.4911242603550296,0.8,0.6,0.4782608695652174,0.5217391304347826,0.5,0.5,Delhi Capitals
1254107,2021-09-25,2021,Punjab Kings,Sunrisers Hyderabad,Sharjah Cricket Stadium,Sharjah,Sunrisers Hyderabad,field,0.4422110552763819,0.5,0.4,0.2,0.2941176470588235,0.7058823529411765,0.8,0.4,Punjab Kings
1254098,2021-09-26,2021,Kolkata Knight Riders,Chennai Super Kings,"Zayed Cricket Stadium, Abu Dhabi",Abu Dhabi,Kolkata Knight Riders,bat,0.5074626865671642,0.6042780748663101,0.6,0.8,0.3478260869565217,0.6521739130434783,1.0,0.5,Chennai Super Kings
1254108,2021-09-26,2021,Royal Challengers Bengaluru,Mumbai Indians,Dubai International Cricket Stadium,Dubai,Mumbai Indians,field,0.4607843137254901,0.5754716981132075,0.2,0.4,0.3703703703703703,0.6296296296296297,0.4444444444444444,0.3333333333333333,Royal Challengers Bengaluru
1254100,2021-09-27,2021,Rajasthan Royals,Sunrisers Hyderabad,Dubai International Cricket Stadium,Dubai,Rajasthan Royals,bat,0.488235294117647,0.4962406015037593,0.6,0.2,0.5,0.5,0.25,0.5454545454545454,Sunrisers Hyderabad
1254092,2021-09-28,2021,Delhi Capitals,Kolkata Knight Riders,Sharjah Cricket Stadium,Sharjah,Kolkata Knight Riders,field,0.446078431372549,0.504950495049505,0.8,0.6,0.44,0.56,0.8,0.25,Kolkata Knight Riders
1254099,2021-09-28,2021,Punjab Kings,Mumbai Indians,"Zayed Cricket Stadium, Abu Dhabi",Abu Dhabi,Mumbai Indians,field,0.445,0.5727699530516432,0.4,0.4,0.4615384615384615,0.5384615384615384,0.5,0.0,Mumbai Indians
1254103,2021-09-29,2021,Rajasthan Royals,Royal Challengers Bengaluru,Dubai International Cricket Stadium,Dubai,Royal Challengers Bengaluru,field,0.4853801169590643,0.4634146341463415,0.4,0.4,0.4761904761904761,0.5238095238095238,0.2222222222222222,0.5,Royal Challengers Bengaluru
1254091,2021-09-30,2021,Sunrisers Hyderabad,Chennai Super Kings,Sharjah Cricket Stadium,Sharjah,Chennai Super Kings,field,0.5,0.6063829787234043,0.2,0.8,0.2666666666666666,0.7333333333333333,0.3333333333333333,0.4,Chennai Super Kings
1254102,2021-10-01,2021,Kolkata Knight Riders,Punjab Kings,Dubai International Cricket Stadium,Dubai,Punjab Kings,field,0.5073891625615764,0.4427860696517413,0.6,0.4,0.6785714285714286,0.3214285714285714,0.5,0.4444444444444444,Punjab Kings
1254089,2021-10-02,2021,Chennai Super Kings,Rajasthan Royals,"Zayed Cricket Stadium, Abu Dhabi",Abu Dhabi,Rajasthan Royals,field,0.6084656084656085,0.4825581395348837,0.8,0.4,0.625,0.375,1.0,0.0,Rajasthan Royals
1254112,2021-10-02,2021,Mumbai Indians,Delhi Capitals,Sharjah Cricket Stadium,Sharjah,Delhi Capitals,field,0.5747663551401869,0.4439024390243902,0.4,0.8,0.5517241379310345,0.4482758620689655,0.5,0.6666666666666666,Delhi Capitals
1254090,2021-10-03,2021,Royal Challengers Bengaluru,Punjab Kings,Sharjah Cricket Stadium,Sharjah,Royal Challengers Bengaluru,bat,0.4660194174757281,0.4455445544554455,0.4,0.4,0.4444444444444444,0.5555555555555556,0.3333333333333333,0.8333333333333334,Royal Challengers Bengaluru
1254109,2021-10-03,2021,Sunrisers Hyderabad,Kolkata Knight Riders,Dubai International Cricket Stadium,Dubai,Sunrisers Hyderabad,bat,0.4962962962962963,0.5049019607843137,0.2,0.6,0.3684210526315789,0.631578947368421,0.5833333333333334,0.4,Kolkata Knight Riders
1254110,2021-10-04,2021,Chennai Super Kings,Delhi Capitals,Dubai International Cricket Stadium,Dubai,Delhi Capitals,field,0.6052631578947368,0.4466019417475728,0.8,0.8,0.625,0.375,0.7,0.4166666666666667,Delhi Capitals
1254093,2021-10-05,2021,Rajasthan Royals,Mumbai Indians,Sharjah Cricket Stadium,Sharjah,Mumbai Indians,field,0.4855491329479768,0.5720930232558139,0.4,0.2,0.4782608695652174,0.5217391304347826,0.5,0.4,Mumbai Indians
1254095,2021-10-06,2021,Sunrisers Hyderabad,Royal Challengers Bengaluru,"Zayed Cricket Stadium, Abu Dhabi",Abu Dhabi,Royal Challengers Bengaluru,field,0.4926470588235294,0.4685990338164251,0.2,0.6,0.5294117647058824,0.4705882352941176,0.5,0.0,Sunrisers Hyderabad
1254094,2021-10-07,2021,Chennai Super Kings,Punjab Kings,Dubai International Cricket Stadium,Dubai,Punjab Kings,field,0.6020942408376964,0.4433497536945813,0.6,0.4,0.6521739130434783,0.3478260869565217,0.6363636363636364,0.5,Punjab Kings
1254106,2021-10-07,2021,Kolkata Knight Riders,Rajasthan Royals,Sharjah Cricket Stadium,Sharjah,Rajasthan Royals,field,0.5073170731707317,0.4827586206896552,0.6,0.2,0.5714285714285714,0.4285714285714285,0.4,0.4,Kolkata Knight Riders
1254088,2021-10-08,2021,Mumbai Indians,Sunrisers Hyderabad,"Zayed Cricket Stadium, Abu Dhabi",Abu Dhabi,Mumbai Indians,bat,0.5740740740740741,0.4963503649635036,0.4,0.4,0.5,0.5,0.5,1.0,Mumbai Indians
1254101,2021-10-08,2021,Delhi Capitals,Royal Challengers Bengaluru,Dubai International Cricket Stadium,Dubai,Royal Challengers Bengaluru,field,0.4492753623188406,0.4663461538461538,0.8,0.6,0.4166666666666667,0.5833333333333334,0.4615384615384615,0.5454545454545454,Royal Challengers Bengaluru
1254114,2021-10-10,2021,Delhi Capitals,Chennai Super Kings,Dubai International Cricket Stadium,Dubai,Chennai Super Kings,field,0.4471153846153846,0.5989583333333334,0.6,0.4,0.4,0.6,0.4285714285714285,0.5833333333333334,Chennai Super Kings
1254115,2021-10-11,2021,Royal Challengers Bengaluru,Kolkata Knight Riders,Sharjah Cricket Stadium,Sharjah,Royal Challengers Bengaluru,bat,0.4688995215311005,0.5097087378640777,0.8,0.6,0.4642857142857143,0.5357142857142857,0.4285714285714285,0.5,Kolkata Knight Riders
1254116,2021-10-13,2021,Delhi Capitals,Kolkata Knight Riders,Sharjah Cricket Stadium,Sharjah,Kolkata Knight Riders,field,0.4449760765550239,0.5120772946859904,0.4,0.8,0.4230769230769231,0.5769230769230769,0.7142857142857143,0.5714285714285714,Kolkata Knight Riders
1254117,2021-10-15,2021,Chennai Super Kings,Kolkata Knight Riders,Dubai International Cricket Stadium,Dubai,Kolkata Knight Riders,field,0.6010362694300518,0.5144230769230769,0.4,0.8,0.6666666666666666,0.3333333333333333,0.6153846153846154,0.5,Chennai Super Kings
1304047,2022-03-26,2022,Chennai Super Kings,Kolkata Knight Riders,"Wankhede Stadium, Mumbai",Mumbai,Kolkata Knight Riders,field,0.6030927835051546,0.5119617224880383,0.4,0.8,0.68,0.32,0.8,0.0,Kolkata Knight Riders
1304048,2022-03-27,2022,Mumbai Indians,Delhi Capitals,"Brabourne Stadium, Mumbai",Mumbai,Delhi Capitals,field,0.576036866359447,0.4428571428571428,0.6,0.4,0.5333333333333333,0.4666666666666667,1.0,0.5,Delhi Capitals
1304049,2022-03-27,2022,Royal Challengers Bengaluru,Punjab Kings,"Dr DY Patil Sports Academy, Mumbai",Mumbai,Punjab Kings,field,0.4666666666666667,0.446078431372549,0.6,0.6,0.4642857142857143,0.5357142857142857,0.5,0.5,Punjab Kings
1304050,2022-03-28,2022,Lucknow Super Giants,Gujarat Titans,"Wankhede Stadium, Mumbai",Mumbai,Gujarat Titans,field,0.5,0.5,0.5,0.5,0.5,0.5,0.5,0.5,Gujarat Titans
1304051,2022-03-29,2022,Rajasthan Royals,Sunrisers Hyderabad,"Maharashtra Cricket Association Stadium, Pune",Pune,Sunrisers Hyderabad,field,0.48,0.4927536231884058,0.2,0.4,0.4666666666666667,0.5333333333333333,0.5,0.5,Rajasthan Royals
1304052,2022-03-30,2022,Kolkata Knight Riders,Royal Challengers Bengaluru,"Dr DY Patil Sports Academy, Mumbai",Mumbai,Royal Challengers Bengaluru,field,0.5142857142857142,0.4644549763033175,0.8,0.4,0.5517241379310345,0.4482758620689655,0.5,0.0,Royal Challengers Bengaluru
1304053,2022-03-31,2022,Chennai Super Kings,Lucknow Super Giants,"Brabourne Stadium, Mumbai",Mumbai,Lucknow Super Giants,field,0.6,0.0,0.4,0.0,0.5,0.5,0.0,0.5,Lucknow Super Giants
1304054,2022-04-01,2022,Punjab Kings,Kolkata Knight Riders,"Wankhede Stadium, Mumbai",Mumbai,Kolkata Knight Riders,field,0.448780487804878,0.5118483412322274,0.6,0.6,0.3448275862068966,0.6551724137931034,0.3333333333333333,0.3333333333333333,Kolkata Knight Riders
1304055,2022-04-02,2022,Rajasthan Royals,Mumbai Indians,"Dr DY Patil Sports Academy, Mumbai",Mumbai,Mumbai Indians,field,0.4829545454545454,0.573394495412844,0.4,0.6,0.4583333333333333,0.5416666666666666,0.5,0.5,Rajasthan Royals
1304056,2022-04-02,2022,Gujarat Titans,Delhi Capitals,"Maharashtra Cricket Association Stadium, Pune",Pune,Delhi Capitals,field,1.0,0.4454976303317535,1.0,0.4,0.5,0.5,0.5,0.5,Gujarat Titans
1304057,2022-04-03,2022,Punjab Kings,Chennai Super Kings,"Brabourne Stadium, Mumbai",Mumbai,Chennai Super Kings,field,0.4466019417475728,0.5969387755102041,0.6,0.4,0.375,0.625,0.5,0.0,Punjab Kings
1304058,2022-04-04,2022,Lucknow Super Giants,Sunrisers Hyderabad,"Dr DY Patil Sports Academy, Mumbai",Mumbai,Sunrisers Hyderabad,field,0.5,0.4892086330935252,0.5,0.2,0.5,0.5,0.5,0.5,Lucknow Super Giants
1304059,2022-04-05,2022,Rajasthan Royals,Royal Challengers Bengaluru,"Wankhede Stadium, Mumbai",Mumbai,Royal Challengers Bengaluru,field,0.4858757062146893,0.4669811320754717,0.6,0.4,0.4545454545454545,0.5454545454545454,0.4,0.5,Royal Challengers Bengaluru
1304060,2022-04-06,2022,Mumbai Indians,Kolkata Knight Riders,"Maharashtra Cricket Association Stadium, Pune",Pune,Kolkata Knight Riders,field,0.5707762557077626,0.5141509433962265,0.4,0.6,0.7586206896551724,0.2413793103448276,0.5,0.5,Kolkata Knight Riders
1304061,2022-04-07,2022,Delhi Capitals,Lucknow Super Giants,"Dr DY Patil Sports Academy, Mumbai",Mumbai,Lucknow Super Giants,field,0.4433962264150943,0.6666666666666666,0.2,0.6666666666666666,0.5,0.5,0.5,1.0,Lucknow Super Giants
1304062,2022-04-08,2022,Punjab Kings,Gujarat Titans,"Brabourne Stadium, Mumbai",Mumbai,Gujarat Titans,field,0.4492753623188406,1.0,0.6,1.0,0.5,0.5,1.0,0.5,Gujarat Titans
1304063,2022-04-09,2022,Chennai Super Kings,Sunrisers Hyderabad,"Dr DY Patil Sports Academy, Mumbai",Mumbai,Sunrisers Hyderabad,field,0.5939086294416244,0.4857142857142857,0.4,0.2,0.75,0.25,0.5,0.0,Sunrisers Hyderabad
1304064,2022-04-09,2022,Mumbai Indians,Royal Challengers Bengaluru,"Maharashtra Cricket Association Stadium, Pune",Pune,Royal Challengers Bengaluru,field,0.5681818181818182,0.4694835680751174,0.4,0.6,0.6071428571428571,0.3928571428571428,0.0,0.5,Royal Challengers Bengaluru
1304065,2022-04-10,2022,Delhi Capitals,Kolkata Knight Riders,"Brabourne Stadium, Mumbai",Mumbai,Kolkata Knight Riders,field,0.4413145539906103,0.5164319248826291,0.2,0.6,0.4074074074074074,0.5925925925925926,1.0,0.5,Delhi Capitals
1304066,2022-04-10,2022,Rajasthan Royals,Lucknow Super Giants,"Wankhede Stadium, Mumbai",Mumbai,Lucknow Super Giants,field,0.4831460674157303,0.75,0.4,0.75,0.5,0.5,0.3333333333333333,0.0,Rajasthan Royals
1304067,2022-04-11,2022,Gujarat Titans,Sunrisers Hyderabad,"Dr DY Patil Sports Academy, Mumbai",Mumbai,Sunrisers Hyderabad,field,1.0,0.4893617021276595,1.0,0.4,0.5,0.5,0.5,0.5,Sunrisers Hyderabad
1304068,2022-04-12,2022,Chennai Super Kings,Royal Challengers Bengaluru,"Dr DY Patil Sports Academy, Mumbai",Mumbai,Royal Challengers Bengaluru,field,0.5909090909090909,0.4719626168224299,0.2,0.6,0.6666666666666666,0.3333333333333333,0.0,0.5,Chennai Super Kings
1304069,2022-04-13,2022,Punjab Kings,Mumbai Indians,"Maharashtra Cricket Association Stadium, Pune",Pune,Mumbai Indians,field,0.4471153846153846,0.5656108597285068,0.6,0.2,0.4444444444444444,0.5555555555555556,0.5,0.0,Punjab Kings
1304070,2022-04-14,2022,Gujarat Titans,Rajasthan Royals,"Dr DY Patil Sports Academy, Mumbai",Mumbai,Rajasthan Royals,field,0.75,0.4860335195530726,0.75,0.6,0.5,0.5,0.0,1.0,Gujarat Titans
1304071,2022-04-15,2022,Kolkata Knight Riders,Sunrisers Hyderabad,"Brabourne Stadium, Mumbai",Mumbai,Sunrisers Hyderabad,field,0.514018691588785,0.4929577464788732,0.6,0.4,0.65,0.35,0.0,0.5,Sunrisers Hyderabad
1304072,2022-04-16,2022,Lucknow Super Giants,Mumbai Indians,"Brabourne Stadium, Mumbai",Mumbai,Mumbai Indians,field,0.6,0.5630630630630631,0.6,0.0,0.5,0.5,1.0,0.5,Lucknow Super Giants
1304073,2022-04-16,2022,Royal Challengers Bengaluru,Delhi Capitals,"Wankhede Stadium, Mumbai",Mumbai,Delhi Capitals,field,0.4697674418604651,0.4439252336448598,0.6,0.4,0.6,0.4,0.6666666666666666,0.6666666666666666,Royal Challengers Bengaluru
1304074,2022-04-17,2022,Punjab Kings,Sunrisers Hyderabad,"Dr DY Patil Sports Academy, Mumbai",Mumbai,Sunrisers Hyderabad,field,0.4497607655502392,0.4965034965034965,0.6,0.6,0.3333333333333333,0.6666666666666666,1.0,0.6666666666666666,Sunrisers Hyderabad
1304075,2022-04-17,2022,Chennai Super Kings,Gujarat Titans,"Maharashtra Cricket Association Stadium, Pune",Pune,Gujarat Titans,field,0.592964824120603,0.8,0.2,0.8,0.5,0.5,0.5,1.0,Gujarat Titans
1304076,2022-04-18,2022,Rajasthan Royals,Kolkata Knight Riders,"Brabourne Stadium, Mumbai",Mumbai,Kolkata Knight Riders,field,0.4833333333333333,0.5116279069767442,0.6,0.4,0.4090909090909091,0.5909090909090909,0.5,0.0,Rajasthan Royals
1304077,2022-04-19,2022,Royal Challengers Bengaluru,Lucknow Super Giants,"Dr DY Patil Sports Academy, Mumbai",Mumbai,Lucknow Super Giants,field,0.4722222222222222,0.6666666666666666,0.8,0.8,0.5,0.5,0.3333333333333333,1.0,Royal Challengers Bengaluru
1304078,2022-04-20,2022,Punjab Kings,Delhi Capitals,"Brabourne Stadium, Mumbai",Mumbai,Delhi Capitals,field,0.4476190476190476,0.4418604651162791,0.4,0.4,0.5555555555555556,0.4444444444444444,0.5,1.0,Delhi Capitals
1304079,2022-04-21,2022,Mumbai Indians,Chennai Super Kings,"Dr DY Patil Sports Academy, Mumbai",Navi Mumbai,Chennai Super Kings,field,0.5605381165919282,0.59,0.0,0.2,0.59375,0.40625,0.0,0.5,Chennai Super Kings
1304080,2022-04-22,2022,Rajasthan Royals,Delhi Capitals,"Wankhede Stadium, Mumbai",Mumbai,Delhi Capitals,field,0.4861878453038674,0.4444444444444444,0.6,0.4,0.5,0.5,0.4285714285714285,0.5,Rajasthan Royals
1304081,2022-04-23,2022,Gujarat Titans,Kolkata Knight Riders,"Dr DY Patil Sports Academy, Mumbai",Navi Mumbai,Gujarat Titans,bat,0.8333333333333334,0.5092592592592593,0.8,0.4,0.5,0.5,0.5,0.0,Gujarat Titans
1304082,2022-04-23,2022,Royal Challengers Bengaluru,Sunrisers Hyderabad,"Brabourne Stadium, Mumbai",Mumbai,Sunrisers Hyderabad,field,0.4746543778801843,0.5,0.8,0.8,0.4444444444444444,0.5555555555555556,0.5,1.0,Sunrisers Hyderabad
1304083,2022-04-24,2022,Lucknow Super Giants,Mumbai Indians,"Wankhede Stadium, Mumbai",Mumbai,Mumbai Indians,field,0.5714285714285714,0.5580357142857143,0.6,0.0,1.0,0.0,0.0,0.5,Lucknow Super Giants
1304084,2022-04-25,2022,Punjab Kings,Chennai Super Kings,"Wankhede Stadium, Mumbai",Mumbai,Chennai Super Kings,field,0.4454976303317535,0.5920398009950248,0.4,0.4,0.4,0.6,0.25,0.6666666666666666,Punjab Kings
1304085,2022-04-26,2022,Rajasthan Royals,Royal Challengers Bengaluru,"Maharashtra Cricket Association Stadium, Pune",Pune,Royal Challengers Bengaluru,field,0.489010989010989,0.4724770642201835,0.6,0.6,0.4347826086956521,0.5652173913043478,1.0,1.0,Rajasthan Royals
1304086,2022-04-27,2022,Sunrisers Hyderabad,Gujarat Titans,"Wankhede Stadium, Mumbai",Mumbai,Gujarat Titans,field,0.503448275862069,0.8571428571428571,1.0,0.8,1.0,0.0,0.5,1.0,Gujarat Titans
1304087,2022-04-28,2022,Kolkata Knight Riders,Delhi Capitals,"Wankhede Stadium, Mumbai",Mumbai,Delhi Capitals,field,0.5069124423963134,0.4423963133640553,0.2,0.4,0.5714285714285714,0.4285714285714285,0.5,0.4,Delhi Capitals
1304088,2022-04-29,2022,Lucknow Super Giants,Punjab Kings,"Maharashtra Cricket Association Stadium, Pune",Pune,Punjab Kings,field,0.625,0.4481132075471698,0.6,0.4,0.5,0.5,0.5,1.0,Lucknow Super Giants
1304089,2022-04-30,2022,Royal Challengers Bengaluru,Gujarat Titans,"Brabourne Stadium, Mumbai",Mumbai,Royal Challengers Bengaluru,bat,0.4703196347031963,0.875,0.4,0.8,0.5,0.5,0.0,1.0,Gujarat Titans
1304090,2022-04-30,2022,Rajasthan Royals,Mumbai Indians,"Dr DY Patil Sports Academy, Mumbai",Navi Mumbai,Mumbai Indians,field,0.4918032786885246,0.5555555555555556,0.8,0.0,0.48,0.52,0.5,0.0,Mumbai Indians
1304091,2022-05-01,2022,Lucknow Super Giants,Delhi Capitals,"Wankhede Stadium, Mumbai",Mumbai,Lucknow Super Giants,bat,0.6666666666666666,0.4449541284403669,0.6,0.6,1.0,0.0,0.3333333333333333,0.5,Lucknow Super Giants
1304092,2022-05-01,2022,Chennai Super Kings,Sunrisers Hyderabad,"Maharashtra Cricket Association Stadium, Pune",Pune,Sunrisers Hyderabad,field,0.5891089108910891,0.5,0.4,0.8,0.7058823529411765,0.2941176470588235,0.0,0.0,Chennai Super Kings
1304093,2022-05-02,2022,Rajasthan Royals,Kolkata Knight Riders,"Wankhede Stadium, Mumbai",Mumbai,Kolkata Knight Riders,field,0.4891304347826087,0.5045871559633027,0.6,0.0,0.4347826086956521,0.5652173913043478,0.5,0.4,Kolkata Knight Riders
1304094,2022-05-03,2022,Gujarat Titans,Punjab Kings,"Dr DY Patil Sports Academy, Mumbai",Navi Mumbai,Gujarat Titans,bat,0.8888888888888888,0.4460093896713615,1.0,0.4,1.0,0.0,0.6666666666666666,0.5,Punjab Kings
1304095,2022-05-04,2022,Royal Challengers Bengaluru,Chennai Super Kings,"Maharashtra Cricket Association Stadium, Pune",Pune,Chennai Super Kings,field,0.4681818181818182,0.5911330049261084,0.4,0.6,0.3214285714285714,0.6785714285714286,0.5,0.5,Royal Challengers Bengaluru
1304096,2022-05-05,2022,Delhi Capitals,Sunrisers Hyderabad,"Brabourne Stadium, Mumbai",Mumbai,Sunrisers Hyderabad,field,0.4429223744292237,0.4965986394557823,0.4,0.6,0.4210526315789473,0.5789473684210527,1.0,1.0,Delhi Capitals
1304097,2022-05-06,2022,Mumbai Indians,Gujarat Titans,"Brabourne Stadium, Mumbai",Mumbai,Gujarat Titans,field,0.5575221238938053,0.8,0.2,0.8,0.5,0.5,0.3333333333333333,1.0,Mumbai Indians
1304098,2022-05-07,2022,Punjab Kings,Rajasthan Royals,"Wankhede Stadium, Mumbai",Mumbai,Punjab Kings,bat,0.4485981308411215,0.4864864864864865,0.4,0.6,0.4090909090909091,0.5909090909090909,0.4,0.4444444444444444,Rajasthan Royals
1304099,2022-05-07,2022,Lucknow Super Giants,Kolkata Knight Riders,"Maharashtra Cricket Association Stadium, Pune",Pune,Kolkata Knight Riders,field,0.7,0.5068493150684932,0.8,0.2,0.5,0.5,1.0,1.0,Lucknow Super Giants
1304100,2022-05-08,2022,Royal Challengers Bengaluru,Sunrisers Hyderabad,"Wankhede Stadium, Mumbai",Mumbai,Royal Challengers Bengaluru,bat,0.4705882352941176,0.4932432432432432,0.4,0.4,0.4210526315789473,0.5789473684210527,0.75,0.0,Royal Challengers Bengaluru
1304101,2022-05-08,2022,Chennai Super Kings,Delhi Capitals,"Dr DY Patil Sports Academy, Mumbai",Navi Mumbai,Delhi Capitals,field,0.5882352941176471,0.4454545454545454,0.4,0.6,0.6153846153846154,0.3846153846153846,0.6666666666666666,0.0,Chennai Super Kings
1304102,2022-05-09,2022,Kolkata Knight Riders,Mumbai Indians,"Dr DY Patil Sports Academy, Mumbai",Navi Mumbai,Mumbai Indians,field,0.5045454545454545,0.5594713656387665,0.2,0.4,0.2666666666666666,0.7333333333333333,0.0,0.3333333333333333,Kolkata Knight Riders
1304103,2022-05-10,2022,Gujarat Titans,Lucknow Super Giants,"Maharashtra Cricket Association Stadium, Pune",Pune,Gujarat Titans,bat,0.7272727272727273,0.7272727272727273,0.6,0.8,1.0,0.0,1.0,1.0,Gujarat Titans
1304104,2022-05-11,2022,Rajasthan Royals,Delhi Capitals,"Dr DY Patil Sports Academy, Mumbai",Navi Mumbai,Delhi Capitals,field,0.489247311827957,0.4434389140271493,0.6,0.4,0.52,0.48,0.3333333333333333,0.0,Delhi Capitals
1304105,2022-05-12,2022,Chennai Super Kings,Mumbai Indians,"Wankhede Stadium, Mumbai",Mumbai,Mumbai Indians,field,0.5902439024390244,0.5570175438596491,0.6,0.4,0.4242424242424242,0.5757575757575758,0.5714285714285714,0.0,Mumbai Indians
1304106,2022-05-13,2022,Punjab Kings,Royal Challengers Bengaluru,"Brabourne Stadium, Mumbai",Mumbai,Royal Challengers Bengaluru,field,0.4465116279069767,0.4729729729729729,0.4,0.4,0.5517241379310345,0.4482758620689655,0.3333333333333333,0.0,Punjab Kings
1304107,2022-05-14,2022,Kolkata Knight Riders,Sunrisers Hyderabad,"Maharashtra Cricket Association Stadium, Pune",Pune,Kolkata Knight Riders,bat,0.5067873303167421,0.4899328859060403,0.4,0.2,0.6190476190476191,0.3809523809523809,0.5,0.0,Kolkata Knight Riders
1304108,2022-05-15,2022,Chennai Super Kings,Gujarat Titans,"Wankhede Stadium, Mumbai",Mumbai,Chennai Super Kings,bat,0.587378640776699,0.75,0.4,0.6,0.0,1.0,0.5,1.0,Gujarat Titans
1304109,2022-05-15,2022,Rajasthan Royals,Lucknow Super Giants,"Brabourne Stadium, Mumbai",Mumbai,Rajasthan Royals,bat,0.4866310160427807,0.6666666666666666,0.4,0.8,1.0,0.0,1.0,1.0,Rajasthan Royals
1304110,2022-05-16,2022,Delhi Capitals,Punjab Kings,"Dr DY Patil Sports Academy, Mumbai",Navi Mumbai,Punjab Kings,field,0.4459459459459459,0.449074074074074,0.6,0.6,0.4642857142857143,0.5357142857142857,0.3333333333333333,0.6666666666666666,Delhi Capitals
1304111,2022-05-17,2022,Sunrisers Hyderabad,Mumbai Indians,"Wankhede Stadium, Mumbai",Mumbai,Mumbai Indians,field,0.4866666666666667,0.5589519650655022,0.0,0.6,0.4705882352941176,0.5294117647058824,0.0,0.5,Sunrisers Hyderabad
1304112,2022-05-18,2022,Lucknow Super Giants,Kolkata Knight Riders,"Dr DY Patil Sports Academy, Mumbai",Navi Mumbai,Lucknow Super Giants,bat,0.6153846153846154,0.509009009009009,0.6,0.6,1.0,0.0,0.6666666666666666,0.3333333333333333,Lucknow Super Giants
1304113,2022-05-19,2022,Gujarat Titans,Royal Challengers Bengaluru,"Wankhede Stadium, Mumbai",Mumbai,Gujarat Titans,bat,0.7692307692307693,0.4708520179372197,0.6,0.4,1.0,0.0,1.0,0.8,Royal Challengers Bengaluru
1304114,2022-05-20,2022,Chennai Super Kings,Rajasthan Royals,"Brabourne Stadium, Mumbai",Mumbai,Chennai Super Kings,bat,0.5845410628019324,0.4893617021276595,0.4,0.4,0.6,0.4,0.0,1.0,Rajasthan Royals
1304115,2022-05-21,2022,Delhi Capitals,Mumbai Indians,"Wankhede Stadium, Mumbai",Mumbai,Mumbai Indians,field,0.4484304932735426,0.5565217391304348,0.6,0.6,0.4838709677419355,0.5161290322580645,0.4285714285714285,0.3333333333333333,Mumbai Indians
1304116,2022-05-22,2022,Sunrisers Hyderabad,Punjab Kings,"Wankhede Stadium, Mumbai",Mumbai,Sunrisers Hyderabad,bat,0.4900662251655629,0.4470046082949309,0.2,0.4,0.6842105263157895,0.3157894736842105,0.3333333333333333,0.3333333333333333,Punjab Kings
1312197,2022-05-24,2022,Rajasthan Royals,Gujarat Titans,"Eden Gardens, Kolkata",Kolkata,Gujarat Titans,field,0.492063492063492,0.7142857142857143,0.6,0.4,0.0,1.0,0.5,0.5,Gujarat Titans
1312198,2022-05-25,2022,Royal Challengers Bengaluru,Lucknow Super Giants,"Eden Gardens, Kolkata",Kolkata,Lucknow Super Giants,field,0.4732142857142857,0.6428571428571429,0.6,0.6,1.0,0.0,0.5,0.5,Royal Challengers Bengaluru
1312199,2022-05-27,2022,Royal Challengers Bengaluru,Rajasthan Royals,"Narendra Modi Stadium, Ahmedabad",Ahmedabad,Rajasthan Royals,field,0.4755555555555555,0.4894736842105263,0.8,0.6,0.5416666666666666,0.4583333333333333,0.5,0.5,Rajasthan Royals
1312200,2022-05-29,2022,Rajasthan Royals,Gujarat Titans,"Narendra Modi Stadium, Ahmedabad",Ahmedabad,Rajasthan Royals,bat,0.4921465968586387,0.7333333333333333,0.6,0.6,0.0,1.0,1.0,0.5,Gujarat Titans
1359475,2023-03-31,2023,Chennai Super Kings,Gujarat Titans,"Narendra Modi Stadium, Ahmedabad",Ahmedabad,Gujarat Titans,field,0.5817307692307693,0.75,0.2,0.8,0.0,1.0,0.5,1.0,Gujarat Titans
1359476,2023-04-01,2023,Punjab Kings,Kolkata Knight Riders,"Punjab Cricket Association IS Bindra Stadium, Mohali, Chandigarh",Chandigarh,Kolkata Knight Riders,field,0.4495412844036697,0.5067264573991032,0.6,0.6,0.3333333333333333,0.6666666666666666,0.5,0.5,Punjab Kings
1359477,2023-04-01,2023,Lucknow Super Giants,Delhi Capitals,"Bharat Ratna Shri Atal Bihari Vajpayee Ekana Cricket Stadium, Lucknow",Lucknow,Delhi Capitals,field,0.6,0.4464285714285714,0.4,0.6,1.0,0.0,0.5,0.5,Lucknow Super Giants
1359478,2023-04-02,2023,Rajasthan Royals,Sunrisers Hyderabad,"Rajiv Gandhi International Stadium, Uppal, Hyderabad",Hyderabad,Sunrisers Hyderabad,field,0.4895833333333333,0.4868421052631579,0.6,0.2,0.5,0.5,0.5,0.5,Rajasthan Royals
1359479,2023-04-02,2023,Mumbai Indians,Royal Challengers Bengaluru,"M Chinnaswamy Stadium, Bengaluru",Bengaluru,Royal Challengers Bengaluru,field,0.5584415584415584,0.4734513274336283,0.6,0.6,0.5862068965517241,0.4137931034482758,0.5,0.5,Royal Challengers Bengaluru
1359480,2023-04-03,2023,Chennai Super Kings,Lucknow Super Giants,"MA Chidambaram Stadium, Chepauk, Chennai",Chennai,Lucknow Super Giants,field,0.5789473684210527,0.625,0.2,0.4,0.0,1.0,0.5,0.5,Chennai Super Kings
1359481,2023-04-04,2023,Delhi Capitals,Gujarat Titans,"Arun Jaitley Stadium, Delhi",Delhi,Gujarat Titans,field,0.4444444444444444,0.7647058823529411,0.4,0.8,0.0,1.0,0.5,0.5,Gujarat Titans
1359482,2023-04-05,2023,Punjab Kings,Rajasthan Royals,"Barsapara Cricket Stadium, Guwahati",Guwahati,Rajasthan Royals,field,0.4520547945205479,0.4922279792746113,0.6,0.6,0.391304347826087,0.6086956521739131,0.5,0.5,Punjab Kings
1359483,2023-04-06,2023,Kolkata Knight Riders,Royal Challengers Bengaluru,"Eden Gardens, Kolkata",Kolkata,Royal Challengers Bengaluru,field,0.5044642857142857,0.4757709251101321,0.4,0.6,0.5333333333333333,0.4666666666666667,0.5,1.0,Kolkata Knight Riders
1359484,2023-04-07,2023,Sunrisers Hyderabad,Lucknow Super Giants,"Bharat Ratna Shri Atal Bihari Vajpayee Ekana Cricket Stadium, Lucknow",Lucknow,Sunrisers Hyderabad,bat,0.4836601307189542,0.5882352941176471,0.2,0.4,0.0,1.0,0.5,1.0,Lucknow Super Giants
1359485,2023-04-08,2023,Rajasthan Royals,Delhi Capitals,"Barsapara Cricket Stadium, Guwahati",Guwahati,Delhi Capitals,field,0.4896907216494845,0.4424778761061947,0.4,0.4,0.5,0.5,0.0,0.5,Rajasthan Royals
1359486,2023-04-08,2023,Mumbai Indians,Chennai Super Kings,"Wankhede Stadium, Mumbai",Mumbai,Chennai Super Kings,field,0.5560344827586207,0.580952380952381,0.4,0.2,0.5882352941176471,0.4117647058823529,0.5,0.4444444444444444,Chennai Super Kings
1359487,2023-04-09,2023,Gujarat Titans,Kolkata Knight Riders,"Narendra Modi Stadium, Ahmedabad",Ahmedabad,Gujarat Titans,bat,0.7777777777777778,0.5066666666666667,0.8,0.6,1.0,0.0,1.0,0.5,Kolkata Knight Riders
1359488,2023-04-09,2023,Punjab Kings,Sunrisers Hyderabad,"Rajiv Gandhi International Stadium, Uppal, Hyderabad",Hyderabad,Sunrisers Hyderabad,field,0.4545454545454545,0.4805194805194805,0.8,0.2,0.35,0.65,0.5,0.0,Sunrisers Hyderabad
1359489,2023-04-10,2023,Royal Challengers Bengaluru,Lucknow Super Giants,"M Chinnaswamy Stadium, Bengaluru",Bengaluru,Lucknow Super Giants,field,0.4736842105263157,0.6111111111111112,0.6,0.6,1.0,0.0,1.0,0.5,Lucknow Super Giants
1359490,2023-04-11,2023,Delhi Capitals,Mumbai Indians,"Arun Jaitley Stadium, Delhi",Delhi,Mumbai Indians,field,0.4405286343612334,0.5536480686695279,0.2,0.4,0.46875,0.53125,0.0,1.0,Mumbai Indians
1359491,2023-04-12,2023,Rajasthan Royals,Chennai Super Kings,"MA Chidambaram Stadium, Chepauk, Chennai",Chennai,Chennai Super Kings,field,0.4923076923076923,0.5829383886255924,0.6,0.4,0.4230769230769231,0.5769230769230769,0.5,1.0,Rajasthan Royals
1359492,2023-04-13,2023,Punjab Kings,Gujarat Titans,"Punjab Cricket Association IS Bindra Stadium, Mohali, Chandigarh",Chandigarh,Gujarat Titans,field,0.4524886877828054,0.7368421052631579,0.6,0.8,0.5,0.5,1.0,0.5,Gujarat Titans
1359493,2023-04-14,2023,Sunrisers Hyderabad,Kolkata Knight Riders,"Eden Gardens, Kolkata",Kolkata,Kolkata Knight Riders,field,0.4838709677419355,0.5088495575221239,0.4,0.6,0.3636363636363636,0.6363636363636364,0.5,1.0,Sunrisers Hyderabad
1359494,2023-04-15,2023,Royal Challengers Bengaluru,Delhi Capitals,"M Chinnaswamy Stadium, Bengaluru",Bengaluru,Delhi Capitals,field,0.4716157205240174,0.4385964912280701,0.4,0.0,0.6153846153846154,0.3846153846153846,0.5,0.5,Royal Challengers Bengaluru
1359495,2023-04-15,2023,Lucknow Super Giants,Punjab Kings,"Bharat Ratna Shri Atal Bihari Vajpayee Ekana Cricket Stadium, Lucknow",Lucknow,Punjab Kings,field,0.631578947368421,0.4504504504504504,0.6,0.6,1.0,0.0,1.0,0.5,Punjab Kings
1359496,2023-04-16,2023,Kolkata Knight Riders,Mumbai Indians,"Wankhede Stadium, Mumbai",Mumbai,Mumbai Indians,field,0.5066079295154186,0.5555555555555556,0.4,0.4,0.2903225806451613,0.7096774193548387,0.5,0.4,Mumbai Indians
1359497,2023-04-16,2023,Gujarat Titans,Rajasthan Royals,"Narendra Modi Stadium, Ahmedabad",Ahmedabad,Rajasthan Royals,field,0.75,0.4948979591836734,0.8,0.6,1.0,0.0,0.6666666666666666,0.5,Rajasthan Royals
1359498,2023-04-17,2023,Chennai Super Kings,Royal Challengers Bengaluru,"M Chinnaswamy Stadium, Bengaluru",Bengaluru,Royal Challengers Bengaluru,field,0.5801886792452831,0.4739130434782608,0.4,0.4,0.6551724137931034,0.3448275862068966,0.5,0.6666666666666666,Chennai Super Kings
1359499,2023-04-18,2023,Mumbai Indians,Sunrisers Hyderabad,"Rajiv Gandhi International Stadium, Uppal, Hyderabad",Hyderabad,Sunrisers Hyderabad,field,0.5574468085106383,0.4871794871794871,0.6,0.4,0.5,0.5,0.5,0.5,Mumbai Indians
1359500,2023-04-19,2023,Lucknow Super Giants,Rajasthan Royals,"Sawai Mansingh Stadium, Jaipur",Jaipur,Rajasthan Royals,field,0.6,0.4974619289340101,0.6,0.8,0.0,1.0,0.5,0.5,Lucknow Super Giants
1359501,2023-04-20,2023,Royal Challengers Bengaluru,Punjab Kings,"Punjab Cricket Association IS Bindra Stadium, Mohali, Chandigarh",Chandigarh,Punjab Kings,field,0.4718614718614718,0.452914798206278,0.4,0.6,0.4333333333333333,0.5666666666666667,0.5,0.5,Royal Challengers Bengaluru
1359502,2023-04-20,2023,Kolkata Knight Riders,Delhi Capitals,"Arun Jaitley Stadium, Delhi",Delhi,Delhi Capitals,field,0.5043859649122807,0.4366812227074236,0.4,0.0,0.5517241379310345,0.4482758620689655,0.5,0.0,Delhi Capitals
1359503,2023-04-21,2023,Sunrisers Hyderabad,Chennai Super Kings,"MA Chidambaram Stadium, Chepauk, Chennai",Chennai,Chennai Super Kings,field,0.4840764331210191,0.5821596244131455,0.4,0.6,0.2777777777777778,0.7222222222222222,0.2,0.5,Chennai Super Kings
1359504,2023-04-22,2023,Gujarat Titans,Lucknow Super Giants,"Bharat Ratna Shri Atal Bihari Vajpayee Ekana Cricket Stadium, Lucknow",Lucknow,Gujarat Titans,bat,0.7142857142857143,0.6190476190476191,0.6,0.6,1.0,0.0,0.5,0.6666666666666666,Gujarat Titans
1359505,2023-04-22,2023,Punjab Kings,Mumbai Indians,"Wankhede Stadium, Mumbai",Mumbai,Mumbai Indians,field,0.4508928571428571,0.559322033898305,0.4,0.6,0.4642857142857143,0.5357142857142857,0.4285714285714285,0.5,Punjab Kings
1359506,2023-04-23,2023,Royal Challengers Bengaluru,Rajasthan Royals,"M Chinnaswamy Stadium, Bengaluru",Bengaluru,Rajasthan Royals,field,0.4741379310344827,0.494949494949495,0.4,0.6,0.52,0.48,0.5,0.5,Royal Challengers Bengaluru
1359507,2023-04-23,2023,Chennai Super Kings,Kolkata Knight Riders,"Eden Gardens, Kolkata",Kolkata,Kolkata Knight Riders,field,0.5841121495327103,0.5021834061135371,0.8,0.4,0.6538461538461539,0.3461538461538461,0.5,0.5,Chennai Super Kings
1359508,2023-04-24,2023,Delhi Capitals,Sunrisers Hyderabad,"Rajiv Gandhi International Stadium, Uppal, Hyderabad",Hyderabad,Delhi Capitals,bat,0.4391304347826087,0.4810126582278481,0.2,0.4,0.45,0.55,0.5,0.3333333333333333,Delhi Capitals
1359509,2023-04-25,2023,Gujarat Titans,Mumbai Indians,"Narendra Modi Stadium, Ahmedabad",Ahmedabad,Mumbai Indians,field,0.7272727272727273,0.5569620253164557,0.6,0.6,0.0,1.0,0.5,0.5,Gujarat Titans
1359510,2023-04-26,2023,Kolkata Knight Riders,Royal Challengers Bengaluru,"M Chinnaswamy Stadium, Bengaluru",Bengaluru,Royal Challengers Bengaluru,field,0.5,0.4763948497854077,0.2,0.6,0.5483870967741935,0.4516129032258064,0.5,0.6,Kolkata Knight Riders
1359511,2023-04-27,2023,Rajasthan Royals,Chennai Super Kings,"Sawai Mansingh Stadium, Jaipur",Jaipur,Rajasthan Royals,bat,0.4924623115577889,0.586046511627907,0.6,0.8,0.4444444444444444,0.5555555555555556,0.0,0.5,Rajasthan Royals
1359512,2023-04-28,2023,Lucknow Super Giants,Punjab Kings,"Punjab Cricket Association IS Bindra Stadium, Mohali, Chandigarh",Chandigarh,Punjab Kings,field,0.5909090909090909,0.4533333333333333,0.6,0.4,0.5,0.5,0.5,0.3333333333333333,Lucknow Super Giants
1359513,2023-04-29,2023,Kolkata Knight Riders,Gujarat Titans,"Eden Gardens, Kolkata",Kolkata,Gujarat Titans,field,0.5021645021645021,0.7391304347826086,0.2,0.6,0.5,0.5,0.3333333333333333,1.0,Gujarat Titans
1359514,2023-04-29,2023,Sunrisers Hyderabad,Delhi Capitals,"Arun Jaitley Stadium, Delhi",Delhi,Sunrisers Hyderabad,bat,0.4779874213836478,0.4415584415584415,0.4,0.4,0.5238095238095238,0.4761904761904761,0.0,0.3333333333333333,Sunrisers Hyderabad
1359515,2023-04-30,2023,Chennai Super Kings,Punjab Kings,"MA Chidambaram Stadium, Chepauk, Chennai",Chennai,Chennai Super Kings,bat,0.5833333333333334,0.4513274336283185,0.6,0.4,0.5769230769230769,0.4230769230769231,0.6666666666666666,0.5,Punjab Kings
1359516,2023-04-30,2023,Rajasthan Royals,Mumbai Indians,"Wankhede Stadium, Mumbai",Mumbai,Rajasthan Royals,bat,0.495,0.5546218487394958,0.6,0.6,0.4615384615384615,0.5384615384615384,0.5,0.4285714285714285,Mumbai Indians
1359517,2023-05-01,2023,Royal Challengers Bengaluru,Lucknow Super Giants,"Bharat Ratna Shri Atal Bihari Vajpayee Ekana Cricket Stadium, Lucknow",Lucknow,Royal Challengers Bengaluru,bat,0.4743589743589743,0.6086956521739131,0.6,0.6,0.6666666666666666,0.3333333333333333,0.5,0.5,Royal Challengers Bengaluru
1359518,2023-05-02,2023,Delhi Capitals,Gujarat Titans,"Narendra Modi Stadium, Ahmedabad",Ahmedabad,Delhi Capitals,bat,0.4396551724137931,0.75,0.4,0.8,0.0,1.0,0.6666666666666666,0.6,Delhi Capitals
1359519,2023-05-03,2023,Lucknow Super Giants,Chennai Super Kings,"Bharat Ratna Shri Atal Bihari Vajpayee Ekana Cricket Stadium, Lucknow",Lucknow,Chennai Super Kings,field,0.5833333333333334,0.5806451612903226,0.4,0.6,0.5,0.5,0.4,0.5,No Result
1359520,2023-05-03,2023,Punjab Kings,Mumbai Indians,"Punjab Cricket Association IS Bindra Stadium, Mohali, Chandigarh",Chandigarh,Mumbai Indians,field,0.4537444933920704,0.5564853556485355,0.6,0.6,0.4827586206896552,0.5172413793103449,0.25,0.5,Mumbai Indians
1359521,2023-05-04,2023,Kolkata Knight Riders,Sunrisers Hyderabad,"Rajiv Gandhi International Stadium, Uppal, Hyderabad",Hyderabad,Kolkata Knight Riders,bat,0.5,0.48125,0.2,0.4,0.6086956521739131,0.391304347826087,0.5,0.25,Kolkata Knight Riders
1359522,2023-05-05,2023,Rajasthan Royals,Gujarat Titans,"Sawai Mansingh Stadium, Jaipur",Jaipur,Rajasthan Royals,bat,0.4925373134328358,0.72,0.4,0.6,0.25,0.75,0.5,0.5,Gujarat Titans
1359523,2023-05-06,2023,Mumbai Indians,Chennai Super Kings,"MA Chidambaram Stadium, Chepauk, Chennai",Chennai,Chennai Super Kings,field,0.5583333333333333,0.5779816513761468,0.6,0.6,0.5714285714285714,0.4285714285714285,0.4,0.5,Chennai Super Kings
1359524,2023-05-06,2023,Royal Challengers Bengaluru,Delhi Capitals,"Arun Jaitley Stadium, Delhi",Delhi,Royal Challengers Bengaluru,bat,0.4765957446808511,0.4420600858369098,0.6,0.6,0.6296296296296297,0.3703703703703703,0.5,0.25,Delhi Capitals
1359525,2023-05-07,2023,Gujarat Titans,Lucknow Super Giants,"Narendra Modi Stadium, Ahmedabad",Ahmedabad,Lucknow Super Giants,field,0.7307692307692307,0.56,0.8,0.4,1.0,0.0,0.5,0.5,Gujarat Titans
1359526,2023-05-07,2023,Rajasthan Royals,Sunrisers Hyderabad,"Sawai Mansingh Stadium, Jaipur",Jaipur,Rajasthan Royals,bat,0.4900990099009901,0.4782608695652174,0.2,0.2,0.5294117647058824,0.4705882352941176,0.3333333333333333,0.5,Sunrisers Hyderabad
1359527,2023-05-08,2023,Punjab Kings,Kolkata Knight Riders,"Eden Gardens, Kolkata",Kolkata,Punjab Kings,bat,0.4517543859649123,0.5021459227467812,0.4,0.4,0.3548387096774194,0.6451612903225806,0.5,0.25,Kolkata Knight Riders
1359528,2023-05-09,2023,Royal Challengers Bengaluru,Mumbai Indians,"Wankhede Stadium, Mumbai",Mumbai,Mumbai Indians,field,0.4745762711864407,0.5560165975103735,0.6,0.4,0.4333333333333333,0.5666666666666667,0.8333333333333334,0.5,Mumbai Indians
1359529,2023-05-10,2023,Chennai Super Kings,Delhi Capitals,"MA Chidambaram Stadium, Chepauk, Chennai",Chennai,Chennai Super Kings,bat,0.5799086757990868,0.4444444444444444,0.6,0.8,0.6296296296296297,0.3703703703703703,0.6,0.5,Chennai Super Kings
1359530,2023-05-11,2023,Kolkata Knight Riders,Rajasthan Royals,"Eden Gardens, Kolkata",Kolkata,Rajasthan Royals,field,0.5042735042735043,0.4876847290640394,0.6,0.2,0.5833333333333334,0.4166666666666667,0.4,0.0,Rajasthan Royals
1359531,2023-05-12,2023,Mumbai Indians,Gujarat Titans,"Wankhede Stadium, Mumbai",Mumbai,Gujarat Titans,field,0.5578512396694215,0.7407407407407407,0.6,0.8,0.5,0.5,0.5555555555555556,0.75,Mumbai Indians
1359532,2023-05-13,2023,Sunrisers Hyderabad,Lucknow Super Giants,"Rajiv Gandhi International Stadium, Uppal, Hyderabad",Hyderabad,Sunrisers Hyderabad,bat,0.4814814814814814,0.5384615384615384,0.4,0.4,0.0,1.0,0.2,0.5,Lucknow Super Giants
1359533,2023-05-13,2023,Punjab Kings,Delhi Capitals,"Arun Jaitley Stadium, Delhi",Delhi,Delhi Capitals,field,0.4497816593886463,0.4425531914893617,0.4,0.6,0.5172413793103449,0.4827586206896552,0.5,0.4,Punjab Kings
1359534,2023-05-14,2023,Royal Challengers Bengaluru,Rajasthan Royals,"Sawai Mansingh Stadium, Jaipur",Jaipur,Royal Challengers Bengaluru,bat,0.4725738396624472,0.4901960784313725,0.4,0.4,0.5384615384615384,0.4615384615384615,0.5,0.25,Royal Challengers Bengaluru
1359535,2023-05-14,2023,Chennai Super Kings,Kolkata Knight Riders,"MA Chidambaram Stadium, Chepauk, Chennai",Chennai,Chennai Super Kings,bat,0.5818181818181818,0.502127659574468,0.6,0.6,0.6666666666666666,0.3333333333333333,0.6666666666666666,0.3333333333333333,Kolkata Knight Riders
1359536,2023-05-15,2023,Gujarat Titans,Sunrisers Hyderabad,"Narendra Modi Stadium, Ahmedabad",Ahmedabad,Sunrisers Hyderabad,field,0.7142857142857143,0.4785276073619632,0.6,0.4,0.5,0.5,0.5714285714285714,0.5,Gujarat Titans
1359537,2023-05-16,2023,Lucknow Super Giants,Mumbai Indians,"Bharat Ratna Shri Atal Bihari Vajpayee Ekana Cricket Stadium, Lucknow",Lucknow,Mumbai Indians,field,0.5555555555555556,0.5596707818930041,0.4,0.8,1.0,0.0,0.3333333333333333,0.5,Lucknow Super Giants
1359538,2023-05-17,2023,Delhi Capitals,Punjab Kings,"Himachal Pradesh Cricket Association Stadium, Dharamsala",Dharamsala,Punjab Kings,field,0.4406779661016949,0.4521739130434782,0.4,0.4,0.4666666666666667,0.5333333333333333,0.5,0.5,Delhi Capitals
1359539,2023-05-18,2023,Sunrisers Hyderabad,Royal Challengers Bengaluru,"Rajiv Gandhi International Stadium, Uppal, Hyderabad",Hyderabad,Royal Challengers Bengaluru,field,0.4756097560975609,0.4747899159663865,0.4,0.4,0.55,0.45,0.1666666666666666,0.5,Royal Challengers Bengaluru
1359540,2023-05-19,2023,Punjab Kings,Rajasthan Royals,"Himachal Pradesh Cricket Association Stadium, Dharamsala",Dharamsala,Rajasthan Royals,field,0.4502164502164502,0.4878048780487805,0.4,0.2,0.4166666666666667,0.5833333333333334,0.0,0.5,Rajasthan Royals
1359541,2023-05-20,2023,Chennai Super Kings,Delhi Capitals,"Arun Jaitley Stadium, Delhi",Delhi,Chennai Super Kings,bat,0.579185520361991,0.4430379746835443,0.4,0.6,0.6428571428571429,0.3571428571428571,0.5,0.3333333333333333,Chennai Super Kings
1359542,2023-05-20,2023,Lucknow Super Giants,Kolkata Knight Riders,"Eden Gardens, Kolkata",Kolkata,Kolkata Knight Riders,field,0.5714285714285714,0.5042372881355932,0.6,0.6,1.0,0.0,0.0,0.3333333333333333,Lucknow Super Giants
1359543,2023-05-21,2023,Sunrisers Hyderabad,Mumbai Indians,"Wankhede Stadium, Mumbai",Mumbai,Mumbai Indians,field,0.4727272727272727,0.5573770491803278,0.2,0.6,0.4736842105263157,0.5263157894736842,0.25,0.6,Mumbai Indians
1359544,2023-05-21,2023,Royal Challengers Bengaluru,Gujarat Titans,"M Chinnaswamy Stadium, Bengaluru",Bengaluru,Gujarat Titans,field,0.4769874476987448,0.7241379310344828,0.6,0.6,0.5,0.5,0.5,0.5,Gujarat Titans
1370350,2023-05-23,2023,Chennai Super Kings,Gujarat Titans,"MA Chidambaram Stadium, Chepauk, Chennai",Chennai,Gujarat Titans,field,0.581081081081081,0.7333333333333333,0.6,0.8,0.0,1.0,0.5714285714285714,0.5,Chennai Super Kings
1370351,2023-05-24,2023,Mumbai Indians,Lucknow Super Giants,"MA Chidambaram Stadium, Chepauk, Chennai",Chennai,Mumbai Indians,bat,0.5591836734693878,0.5862068965517241,0.6,0.6,0.0,1.0,0.3333333333333333,0.0,Mumbai Indians
1370352,2023-05-26,2023,Gujarat Titans,Mumbai Indians,"Narendra Modi Stadium, Ahmedabad",Ahmedabad,Mumbai Indians,field,0.7096774193548387,0.5609756097560976,0.6,0.8,0.3333333333333333,0.6666666666666666,0.625,0.0,Gujarat Titans
1370353,2023-05-29,2023,Gujarat Titans,Chennai Super Kings,"Narendra Modi Stadium, Ahmedabad",Ahmedabad,Chennai Super Kings,field,0.71875,0.5829596412556054,0.6,0.8,0.75,0.25,0.6666666666666666,0.0,Chennai Super Kings
1422119,2024-03-22,2024,Royal Challengers Bengaluru,Chennai Super Kings,"MA Chidambaram Stadium, Chepauk, Chennai",Chennai,Royal Challengers Bengaluru,bat,0.475,0.5848214285714286,0.4,0.8,0.3333333333333333,0.6666666666666666,1.0,0.625,Chennai Super Kings
1422120,2024-03-23,2024,Delhi Capitals,Punjab Kings,"Maharaja Yadavindra Singh International Cricket Stadium, Mullanpur",Mohali,Punjab Kings,field,0.4411764705882353,0.4482758620689655,0.4,0.2,0.4838709677419355,0.5161290322580645,0.5,0.5,Punjab Kings
1422121,2024-03-23,2024,Kolkata Knight Riders,Sunrisers Hyderabad,"Eden Gardens, Kolkata",Kolkata,Sunrisers Hyderabad,field,0.5021097046413502,0.4698795180722891,0.6,0.2,0.625,0.375,0.2857142857142857,1.0,Kolkata Knight Riders
1422122,2024-03-24,2024,Rajasthan Royals,Lucknow Super Giants,"Sawai Mansingh Stadium, Jaipur",Jaipur,Rajasthan Royals,bat,0.4902912621359223,0.5666666666666667,0.4,0.6,0.6666666666666666,0.3333333333333333,0.2,1.0,Rajasthan Royals
1422123,2024-03-24,2024,Gujarat Titans,Mumbai Indians,"Narendra Modi Stadium, Ahmedabad",Ahmedabad,Mumbai Indians,field,0.696969696969697,0.5587044534412956,0.6,0.6,0.5,0.5,0.6,0.0,Gujarat Titans
1422124,2024-03-25,2024,Punjab Kings,Royal Challengers Bengaluru,"M Chinnaswamy Stadium, Bengaluru",Bengaluru,Royal Challengers Bengaluru,field,0.4506437768240343,0.4730290456431535,0.4,0.4,0.5483870967741935,0.4516129032258064,0.5,0.4285714285714285,Royal Challengers Bengaluru
1422125,2024-03-26,2024,Chennai Super Kings,Gujarat Titans,"MA Chidambaram Stadium, Chepauk, Chennai",Chennai,Gujarat Titans,field,0.5866666666666667,0.7058823529411765,0.8,0.6,0.4,0.6,0.6666666666666666,0.0,Chennai Super Kings
1422126,2024-03-27,2024,Sunrisers Hyderabad,Mumbai Indians,"Rajiv Gandhi International Stadium, Uppal, Hyderabad",Hyderabad,Mumbai Indians,field,0.467065868263473,0.5564516129032258,0.0,0.4,0.45,0.55,0.1428571428571428,1.0,Sunrisers Hyderabad
1422127,2024-03-28,2024,Rajasthan Royals,Delhi Capitals,"Sawai Mansingh Stadium, Jaipur",Jaipur,Delhi Capitals,field,0.4927536231884058,0.4393305439330544,0.6,0.2,0.5185185185185185,0.4814814814814814,0.3333333333333333,0.5,Rajasthan Royals
1422128,2024-03-29,2024,Royal Challengers Bengaluru,Kolkata Knight Riders,"M Chinnaswamy Stadium, Bengaluru",Bengaluru,Kolkata Knight Riders,field,0.4752066115702479,0.5042016806722689,0.6,0.6,0.4375,0.5625,0.5,1.0,Kolkata Knight Riders
1422129,2024-03-30,2024,Lucknow Super Giants,Punjab Kings,"Bharat Ratna Shri Atal Bihari Vajpayee Ekana Cricket Stadium, Lucknow",Lucknow,Lucknow Super Giants,bat,0.5483870967741935,0.4487179487179487,0.6,0.4,0.6666666666666666,0.3333333333333333,0.4285714285714285,1.0,Lucknow Super Giants
1422130,2024-03-31,2024,Sunrisers Hyderabad,Gujarat Titans,"Narendra Modi Stadium, Ahmedabad",Ahmedabad,Sunrisers Hyderabad,bat,0.4702380952380952,0.6857142857142857,0.2,0.4,0.3333333333333333,0.6666666666666666,0.0,0.6363636363636364,Gujarat Titans
1422131,2024-03-31,2024,Delhi Capitals,Chennai Super Kings,"Dr. Y.S. Rajasekhara Reddy ACA-VDCA Cricket Stadium, Visakhapatnam",Visakhapatnam,Delhi Capitals,bat,0.4375,0.588495575221239,0.2,1.0,0.3448275862068966,0.6551724137931034,0.5,0.5,Delhi Capitals
1422132,2024-04-01,2024,Mumbai Indians,Rajasthan Royals,"Wankhede Stadium, Mumbai",Mumbai,Rajasthan Royals,field,0.5542168674698795,0.4951923076923077,0.4,0.8,0.5555555555555556,0.4444444444444444,0.6363636363636364,0.4545454545454545,Rajasthan Royals
1422133,2024-04-02,2024,Lucknow Super Giants,Royal Challengers Bengaluru,"M Chinnaswamy Stadium, Bengaluru",Bengaluru,Royal Challengers Bengaluru,field,0.5625,0.4732510288065844,0.6,0.4,0.25,0.75,1.0,0.4444444444444444,Lucknow Super Giants
1422134,2024-04-03,2024,Kolkata Knight Riders,Delhi Capitals,"Dr. Y.S. Rajasekhara Reddy ACA-VDCA Cricket Stadium, Visakhapatnam",Visakhapatnam,Kolkata Knight Riders,bat,0.5062761506276151,0.4398340248962655,0.6,0.4,0.5333333333333333,0.4666666666666667,0.5,1.0,Kolkata Knight Riders
1422135,2024-04-04,2024,Gujarat Titans,Punjab Kings,"Narendra Modi Stadium, Ahmedabad",Ahmedabad,Punjab Kings,field,0.6944444444444444,0.4468085106382978,0.6,0.2,0.6666666666666666,0.3333333333333333,0.6666666666666666,0.3333333333333333,Punjab Kings
1422136,2024-04-05,2024,Chennai Super Kings,Sunrisers Hyderabad,"Rajiv Gandhi International Stadium, Uppal, Hyderabad",Hyderabad,Sunrisers Hyderabad,field,0.5859030837004405,0.4674556213017751,0.8,0.2,0.7368421052631579,0.2631578947368421,0.5,0.25,Sunrisers Hyderabad
1422137,2024-04-06,2024,Royal Challengers Bengaluru,Rajasthan Royals,"Sawai Mansingh Stadium, Jaipur",Jaipur,Rajasthan Royals,field,0.4713114754098361,0.4976076555023923,0.2,0.8,0.5555555555555556,0.4444444444444444,1.0,0.4285714285714285,Rajasthan Royals
1422138,2024-04-07,2024,Mumbai Indians,Delhi Capitals,"Wankhede Stadium, Mumbai",Mumbai,Delhi Capitals,field,0.552,0.4380165289256198,0.2,0.2,0.5454545454545454,0.4545454545454545,0.5833333333333334,0.375,Mumbai Indians
1422139,2024-04-07,2024,Lucknow Super Giants,Gujarat Titans,"Bharat Ratna Shri Atal Bihari Vajpayee Ekana Cricket Stadium, Lucknow",Lucknow,Lucknow Super Giants,bat,0.5757575757575758,0.6756756756756757,0.6,0.4,0.0,1.0,0.5,1.0,Lucknow Super Giants
1426260,2024-04-08,2024,Kolkata Knight Riders,Chennai Super Kings,"MA Chidambaram Stadium, Chepauk, Chennai",Chennai,Chennai Super Kings,field,0.5083333333333333,0.5833333333333334,0.8,0.6,0.3571428571428571,0.6428571428571429,0.5,0.7,Chennai Super Kings
1426261,2024-04-09,2024,Sunrisers Hyderabad,Punjab Kings,"Maharaja Yadavindra Singh International Cricket Stadium, Mullanpur",Mohali,Punjab Kings,field,0.4705882352941176,0.4491525423728814,0.4,0.4,0.6666666666666666,0.3333333333333333,0.5,1.0,Sunrisers Hyderabad
1426262,2024-04-10,2024,Rajasthan Royals,Gujarat Titans,"Sawai Mansingh Stadium, Jaipur",Jaipur,Gujarat Titans,field,0.5,0.6578947368421053,1.0,0.4,0.2,0.8,0.5,1.0,Gujarat Titans
1426263,2024-04-11,2024,Royal Challengers Bengaluru,Mumbai Indians,"Wankhede Stadium, Mumbai",Mumbai,Mumbai Indians,field,0.4693877551020408,0.5537848605577689,0.2,0.2,0.4193548387096774,0.5806451612903226,0.7142857142857143,0.6153846153846154,Mumbai Indians
1426264,2024-04-12,2024,Lucknow Super Giants,Delhi Capitals,"Bharat Ratna Shri Atal Bihari Vajpayee Ekana Cricket Stadium, Lucknow",Lucknow,Lucknow Super Giants,bat,0.5882352941176471,0.4362139917695473,0.6,0.2,1.0,0.0,0.5555555555555556,0.0,Delhi Capitals
1426265,2024-04-13,2024,Punjab Kings,Rajasthan Royals,"Maharaja Yadavindra Singh International Cricket Stadium, Mullanpur",Mohali,Rajasthan Royals,field,0.4472573839662447,0.4976303317535545,0.4,0.8,0.4,0.6,0.5,0.5,Rajasthan Royals
1426266,2024-04-14,2024,Lucknow Super Giants,Kolkata Knight Riders,"Eden Gardens, Kolkata",Kolkata,Kolkata Knight Riders,field,0.5714285714285714,0.5062240663900415,0.6,0.6,1.0,0.0,0.5,0.375,Kolkata Knight Riders
1426267,2024-04-14,2024,Chennai Super Kings,Mumbai Indians,"Wankhede Stadium, Mumbai",Mumbai,Mumbai Indians,field,0.5851528384279476,0.5555555555555556,0.6,0.4,0.4444444444444444,0.5555555555555556,0.5,0.6428571428571429,Chennai Super Kings
1426268,2024-04-15,2024,Sunrisers Hyderabad,Royal Challengers Bengaluru,"M Chinnaswamy Stadium, Bengaluru",Bengaluru,Royal Challengers Bengaluru,field,0.4736842105263157,0.4674796747967479,0.6,0.2,0.5238095238095238,0.4761904761904761,0.5,0.4,Sunrisers Hyderabad
1426269,2024-04-16,2024,Kolkata Knight Riders,Rajasthan Royals,"Eden Gardens, Kolkata",Kolkata,Rajasthan Royals,field,0.5082644628099173,0.5,0.8,0.8,0.56,0.44,0.4444444444444444,0.5,Rajasthan Royals
1426270,2024-04-17,2024,Gujarat Titans,Delhi Capitals,"Narendra Modi Stadium, Ahmedabad",Ahmedabad,Delhi Capitals,field,0.6666666666666666,0.4385245901639344,0.4,0.4,0.6666666666666666,0.3333333333333333,0.6153846153846154,0.75,Delhi Capitals
1426271,2024-04-18,2024,Mumbai Indians,Punjab Kings,"Maharaja Yadavindra Singh International Cricket Stadium, Mullanpur",Mohali,Punjab Kings,field,0.5533596837944664,0.4453781512605042,0.4,0.2,0.5333333333333333,0.4666666666666667,0.5,0.3333333333333333,Mumbai Indians
1426272,2024-04-19,2024,Chennai Super Kings,Lucknow Super Giants,"Bharat Ratna Shri Atal Bihari Vajpayee Ekana Cricket Stadium, Lucknow",Lucknow,Lucknow Super Giants,field,0.5869565217391305,0.5555555555555556,0.6,0.6,0.5,0.5,0.0,0.5,Lucknow Super Giants
1426273,2024-04-20,2024,Sunrisers Hyderabad,Delhi Capitals,"Arun Jaitley Stadium, Delhi",Delhi,Delhi Capitals,field,0.4767441860465116,0.4408163265306122,0.8,0.6,0.5454545454545454,0.4545454545454545,0.3333333333333333,0.2857142857142857,Sunrisers Hyderabad
1426274,2024-04-21,2024,Kolkata Knight Riders,Royal Challengers Bengaluru,"Eden Gardens, Kolkata",Kolkata,Royal Challengers Bengaluru,field,0.5061728395061729,0.4655870445344129,0.6,0.0,0.5757575757575758,0.4242424242424242,0.4,0.5,Kolkata Knight Riders
1426275,2024-04-21,2024,Punjab Kings,Gujarat Titans,"Maharaja Yadavindra Singh International Cricket Stadium, Mullanpur",Mohali,Punjab Kings,bat,0.4435146443514644,0.65,0.2,0.4,0.5,0.5,0.25,0.5,Gujarat Titans
1426276,2024-04-22,2024,Mumbai Indians,Rajasthan Royals,"Sawai Mansingh Stadium, Jaipur",Jaipur,Mumbai Indians,bat,0.5551181102362205,0.5023474178403756,0.6,0.8,0.5357142857142857,0.4642857142857143,0.5,0.4444444444444444,Rajasthan Royals
1426277,2024-04-23,2024,Chennai Super Kings,Lucknow Super Giants,"MA Chidambaram Stadium, Chepauk, Chennai",Chennai,Lucknow Super Giants,field,0.5844155844155844,0.5675675675675675,0.4,0.6,0.3333333333333333,0.6666666666666666,0.7272727272727273,0.0,Lucknow Super Giants
1426278,2024-04-24,2024,Delhi Capitals,Gujarat Titans,"Arun Jaitley Stadium, Delhi",Delhi,Gujarat Titans,field,0.4390243902439024,0.6585365853658537,0.4,0.4,0.5,0.5,0.25,1.0,Delhi Capitals
1426279,2024-04-25,2024,Royal Challengers Bengaluru,Sunrisers Hyderabad,"Rajiv Gandhi International Stadium, Uppal, Hyderabad",Hyderabad,Royal Challengers Bengaluru,bat,0.4637096774193548,0.4797687861271676,0.0,0.8,0.4545454545454545,0.5454545454545454,1.0,0.3333333333333333,Royal Challengers Bengaluru
1426280,2024-04-26,2024,Kolkata Knight Riders,Punjab Kings,"Eden Gardens, Kolkata",Kolkata,Punjab Kings,field,0.5081967213114754,0.4416666666666666,0.6,0.2,0.65625,0.34375,0.4545454545454545,0.0,Punjab Kings
1426281,2024-04-27,2024,Delhi Capitals,Mumbai Indians,"Arun Jaitley Stadium, Delhi",Delhi,Mumbai Indians,field,0.4412955465587044,0.5529411764705883,0.6,0.6,0.4411764705882353,0.5588235294117647,0.3333333333333333,1.0,Delhi Capitals
1426282,2024-04-27,2024,Lucknow Super Giants,Rajasthan Royals,"Bharat Ratna Shri Atal Bihari Vajpayee Ekana Cricket Stadium, Lucknow",Lucknow,Rajasthan Royals,field,0.5789473684210527,0.5046728971962616,0.6,0.8,0.25,0.75,0.5454545454545454,0.5,Rajasthan Royals
1426283,2024-04-28,2024,Gujarat Titans,Royal Challengers Bengaluru,"Narendra Modi Stadium, Ahmedabad",Ahmedabad,Royal Challengers Bengaluru,field,0.6428571428571429,0.465863453815261,0.4,0.2,0.6666666666666666,0.3333333333333333,0.5714285714285714,0.3333333333333333,Royal Challengers Bengaluru
1426284,2024-04-28,2024,Chennai Super Kings,Sunrisers Hyderabad,"MA Chidambaram Stadium, Chepauk, Chennai",Chennai,Sunrisers Hyderabad,field,0.5818965517241379,0.4770114942528735,0.4,0.8,0.7,0.3,0.6666666666666666,0.1666666666666666,Chennai Super Kings
1426285,2024-04-29,2024,Delhi Capitals,Kolkata Knight Riders,"Eden Gardens, Kolkata",Kolkata,Delhi Capitals,bat,0.4435483870967742,0.5061224489795918,0.8,0.4,0.4516129032258064,0.5483870967741935,0.5,0.4166666666666667,Kolkata Knight Riders
1426286,2024-04-30,2024,Mumbai Indians,Lucknow Super Giants,"Bharat Ratna Shri Atal Bihari Vajpayee Ekana Cricket Stadium, Lucknow",Lucknow,Lucknow Super Giants,field,0.55078125,0.5641025641025641,0.4,0.4,0.25,0.75,0.0,0.5,Lucknow Super Giants
1426287,2024-05-01,2024,Chennai Super Kings,Punjab Kings,"MA Chidambaram Stadium, Chepauk, Chennai",Chennai,Punjab Kings,field,0.5836909871244635,0.4439834024896265,0.6,0.2,0.5555555555555556,0.4444444444444444,0.6923076923076923,0.6666666666666666,Punjab Kings
1426288,2024-05-02,2024,Sunrisers Hyderabad,Rajasthan Royals,"Rajiv Gandhi International Stadium, Uppal, Hyderabad",Hyderabad,Sunrisers Hyderabad,bat,0.4742857142857143,0.5069767441860465,0.6,0.8,0.5,0.5,0.3,1.0,Sunrisers Hyderabad
1426289,2024-05-03,2024,Kolkata Knight Riders,Mumbai Indians,"Wankhede Stadium, Mumbai",Mumbai,Mumbai Indians,field,0.508130081300813,0.5486381322957199,0.6,0.2,0.28125,0.71875,0.4285714285714285,0.6,Kolkata Knight Riders
1426290,2024-05-04,2024,Gujarat Titans,Royal Challengers Bengaluru,"M Chinnaswamy Stadium, Bengaluru",Bengaluru,Royal Challengers Bengaluru,field,0.627906976744186,0.468,0.4,0.4,0.5,0.5,1.0,0.3636363636363636,Royal Challengers Bengaluru
1426291,2024-05-05,2024,Chennai Super Kings,Punjab Kings,"Himachal Pradesh Cricket Association Stadium, Dharamsala",Dharamsala,Punjab Kings,field,0.5811965811965812,0.4462809917355372,0.4,0.4,0.5357142857142857,0.4642857142857143,0.5,0.0,Chennai Super Kings
1426292,2024-05-05,2024,Kolkata Knight Riders,Lucknow Super Giants,"Bharat Ratna Shri Atal Bihari Vajpayee Ekana Cricket Stadium, Lucknow",Lucknow,Lucknow Super Giants,field,0.5101214574898786,0.575,0.6,0.6,0.25,0.75,0.5,0.5384615384615384,Kolkata Knight Riders
1426293,2024-05-06,2024,Sunrisers Hyderabad,Mumbai Indians,"Wankhede Stadium, Mumbai",Mumbai,Mumbai Indians,field,0.4772727272727273,0.5465116279069767,0.6,0.2,0.4761904761904761,0.5238095238095238,0.2,0.5625,Mumbai Indians
1426294,2024-05-07,2024,Delhi Capitals,Rajasthan Royals,"Arun Jaitley Stadium, Delhi",Delhi,Rajasthan Royals,field,0.4417670682730923,0.5046296296296297,0.6,0.8,0.4642857142857143,0.5357142857142857,0.4,0.5,Delhi Capitals
1426295,2024-05-08,2024,Lucknow Super Giants,Sunrisers Hyderabad,"Rajiv Gandhi International Stadium, Uppal, Hyderabad",Hyderabad,Lucknow Super Giants,bat,0.5609756097560976,0.4745762711864407,0.6,0.4,1.0,0.0,1.0,0.3636363636363636,Sunrisers Hyderabad
1426296,2024-05-09,2024,Royal Challengers Bengaluru,Punjab Kings,"Himachal Pradesh Cricket Association Stadium, Dharamsala",Dharamsala,Punjab Kings,field,0.4701195219123506,0.4444444444444444,0.6,0.4,0.46875,0.53125,0.5,0.0,Royal Challengers Bengaluru
1426297,2024-05-10,2024,Gujarat Titans,Chennai Super Kings,"Narendra Modi Stadium, Ahmedabad",Ahmedabad,Chennai Super Kings,field,0.6136363636363636,0.5829787234042553,0.2,0.4,0.5,0.5,0.5333333333333333,0.5,Gujarat Titans
1426298,2024-05-11,2024,Kolkata Knight Riders,Mumbai Indians,"Eden Gardens, Kolkata",Kolkata,Mumbai Indians,field,0.5120967741935484,0.5482625482625483,0.8,0.2,0.303030303030303,0.696969696969697,0.4615384615384615,0.5,Kolkata Knight Riders
1426299,2024-05-12,2024,Rajasthan Royals,Chennai Super Kings,"MA Chidambaram Stadium, Chepauk, Chennai",Chennai,Rajasthan Royals,bat,0.5023041474654378,0.5805084745762712,0.6,0.4,0.4642857142857143,0.5357142857142857,1.0,0.6428571428571429,Chennai Super Kings
1426300,2024-05-12,2024,Royal Challengers Bengaluru,Delhi Capitals,"M Chinnaswamy Stadium, Bengaluru",Bengaluru,Delhi Capitals,field,0.4722222222222222,0.444,0.8,0.6,0.6071428571428571,0.3928571428571428,0.4166666666666667,0.0,Royal Challengers Bengaluru
1426302,2024-05-14,2024,Delhi Capitals,Lucknow Super Giants,"Arun Jaitley Stadium, Delhi",Delhi,Lucknow Super Giants,field,0.4422310756972111,0.5476190476190477,0.6,0.4,0.25,0.75,0.4545454545454545,0.5,Delhi Capitals
1426303,2024-05-15,2024,Rajasthan Royals,Punjab Kings,"Barsapara Cricket Stadium, Guwahati",Guwahati,Rajasthan Royals,bat,0.5,0.4426229508196721,0.4,0.4,0.6153846153846154,0.3846153846153846,0.5,1.0,Punjab Kings
1426305,2024-05-17,2024,Lucknow Super Giants,Mumbai Indians,"Wankhede Stadium, Mumbai",Mumbai,Mumbai Indians,field,0.5348837209302325,0.5461538461538461,0.2,0.2,0.8,0.2,0.5,0.5882352941176471,Lucknow Super Giants
1426306,2024-05-18,2024,Royal Challengers Bengaluru,Chennai Super Kings,"M Chinnaswamy Stadium, Bengaluru",Bengaluru,Chennai Super Kings,field,0.4743083003952569,0.5822784810126582,1.0,0.6,0.3225806451612903,0.6774193548387096,0.4615384615384615,1.0,Royal Challengers Bengaluru
1426307,2024-05-19,2024,Punjab Kings,Sunrisers Hyderabad,"Rajiv Gandhi International Stadium, Uppal, Hyderabad",Hyderabad,Punjab Kings,bat,0.4448979591836735,0.4775280898876404,0.6,0.4,0.3181818181818182,0.6818181818181818,0.0,0.4166666666666667,Sunrisers Hyderabad
1426309,2024-05-21,2024,Sunrisers Hyderabad,Kolkata Knight Riders,"Narendra Modi Stadium, Ahmedabad",Ahmedabad,Sunrisers Hyderabad,bat,0.4804469273743016,0.5140562248995983,0.6,0.8,0.36,0.64,0.0,0.6666666666666666,Kolkata Knight Riders
1426310,2024-05-22,2024,Royal Challengers Bengaluru,Rajasthan Royals,"Narendra Modi Stadium, Ahmedabad",Ahmedabad,Rajasthan Royals,field,0.4763779527559055,0.4977168949771689,1.0,0.2,0.5357142857142857,0.4642857142857143,0.5,0.6666666666666666,Rajasthan Royals
1426311,2024-05-24,2024,Sunrisers Hyderabad,Rajasthan Royals,"MA Chidambaram Stadium, Chepauk, Chennai",Chennai,Rajasthan Royals,field,0.4777777777777778,0.5,0.6,0.2,0.5263157894736842,0.4736842105263157,0.1428571428571428,0.5,Sunrisers Hyderabad
1426312,2024-05-26,2024,Sunrisers Hyderabad,Kolkata Knight Riders,"MA Chidambaram Stadium, Chepauk, Chennai",Chennai,Sunrisers Hyderabad,bat,0.4806629834254143,0.516,0.6,1.0,0.3461538461538461,0.6538461538461539,0.25,0.4,Kolkata Knight Riders
1473438,2025-03-22,2025,Kolkata Knight Riders,Royal Challengers Bengaluru,"Eden Gardens, Kolkata",Kolkata,Royal Challengers Bengaluru,field,0.5179282868525896,0.4745098039215686,1.0,0.8,0.5882352941176471,0.4117647058823529,0.5,0.3333333333333333,Royal Challengers Bengaluru
1473439,2025-03-23,2025,Sunrisers Hyderabad,Rajasthan Royals,"Rajiv Gandhi International Stadium, Uppal, Hyderabad",Hyderabad,Rajasthan Royals,field,0.478021978021978,0.497737556561086,0.6,0.2,0.55,0.45,0.4615384615384615,0.5,Sunrisers Hyderabad
1473440,2025-03-23,2025,Mumbai Indians,Chennai Super Kings,"MA Chidambaram Stadium, Chepauk, Chennai",Chennai,Chennai Super Kings,field,0.5440613026819924,0.5798319327731093,0.2,0.4,0.5405405405405406,0.4594594594594595,0.4285714285714285,0.6666666666666666,Chennai Super Kings
1473441,2025-03-24,2025,Lucknow Super Giants,Delhi Capitals,"Dr. Y.S. Rajasekhara Reddy ACA-VDCA Cricket Stadium, Visakhapatnam",Visakhapatnam,Delhi Capitals,field,0.5454545454545454,0.4444444444444444,0.4,0.6,0.6,0.4,0.5,0.5,Delhi Capitals
1473442,2025-03-25,2025,Punjab Kings,Gujarat Titans,"Narendra Modi Stadium, Ahmedabad",Ahmedabad,Gujarat Titans,field,0.4430894308943089,0.6222222222222222,0.4,0.4,0.4,0.6,0.5,0.5625,Punjab Kings
1473443,2025-03-26,2025,Rajasthan Royals,Kolkata Knight Riders,"Barsapara Cricket Stadium, Guwahati",Guwahati,Kolkata Knight Riders,field,0.4954954954954955,0.5158730158730159,0.2,0.8,0.4615384615384615,0.5384615384615384,0.3333333333333333,0.5,Kolkata Knight Riders
1473444,2025-03-27,2025,Sunrisers Hyderabad,Lucknow Super Giants,"Rajiv Gandhi International Stadium, Uppal, Hyderabad",Hyderabad,Lucknow Super Giants,field,0.4808743169398907,0.5333333333333333,0.6,0.2,0.25,0.75,0.5,0.5,Lucknow Super Giants
1473445,2025-03-28,2025,Royal Challengers Bengaluru,Chennai Super Kings,"MA Chidambaram Stadium, Chepauk, Chennai",Chennai,Chennai Super Kings,field,0.4765625,0.5815899581589958,0.8,0.6,0.34375,0.65625,0.75,0.6875,Royal Challengers Bengaluru
1473446,2025-03-29,2025,Gujarat Titans,Mumbai Indians,"Narendra Modi Stadium, Ahmedabad",Ahmedabad,Mumbai Indians,field,0.6086956521739131,0.5419847328244275,0.2,0.2,0.6,0.4,0.5294117647058824,0.0,Gujarat Titans
1473447,2025-03-30,2025,Sunrisers Hyderabad,Delhi Capitals,"Dr. Y.S. Rajasekhara Reddy ACA-VDCA Cricket Stadium, Visakhapatnam",Visakhapatnam,Sunrisers Hyderabad,bat,0.4782608695652174,0.4466403162055335,0.4,0.6,0.5652173913043478,0.4347826086956521,0.5,0.6666666666666666,Delhi Capitals
1473448,2025-03-30,2025,Rajasthan Royals,Chennai Super Kings,"Barsapara Cricket Stadium, Guwahati",Guwahati,Chennai Super Kings,field,0.4932735426008968,0.5791666666666667,0.2,0.4,0.4482758620689655,0.5517241379310345,0.25,0.5,Rajasthan Royals
1473449,2025-03-31,2025,Kolkata Knight Riders,Mumbai Indians,"Wankhede Stadium, Mumbai",Mumbai,Mumbai Indians,field,0.5177865612648221,0.5399239543726235,0.8,0.2,0.3235294117647059,0.6764705882352942,0.5,0.5555555555555556,Mumbai Indians
1473450,2025-04-01,2025,Lucknow Super Giants,Punjab Kings,"Bharat Ratna Shri Atal Bihari Vajpayee Ekana Cricket Stadium, Lucknow",Lucknow,Punjab Kings,field,0.5434782608695652,0.4453441295546558,0.4,0.4,0.75,0.25,0.5,0.5,Punjab Kings
1473451,2025-04-02,2025,Royal Challengers Bengaluru,Gujarat Titans,"M Chinnaswamy Stadium, Bengaluru",Bengaluru,Gujarat Titans,field,0.4785992217898833,0.6170212765957447,0.8,0.4,0.6,0.4,0.5,0.5,Gujarat Titans
1473452,2025-04-03,2025,Kolkata Knight Riders,Sunrisers Hyderabad,"Eden Gardens, Kolkata",Kolkata,Sunrisers Hyderabad,field,0.515748031496063,0.4756756756756757,0.6,0.4,0.6666666666666666,0.3333333333333333,0.4666666666666667,0.5,Kolkata Knight Riders
1473453,2025-04-04,2025,Lucknow Super Giants,Mumbai Indians,"Bharat Ratna Shri Atal Bihari Vajpayee Ekana Cricket Stadium, Lucknow",Lucknow,Mumbai Indians,field,0.5319148936170213,0.5416666666666666,0.4,0.2,0.8333333333333334,0.1666666666666666,0.4666666666666667,0.0,Lucknow Super Giants
1473454,2025-04-05,2025,Delhi Capitals,Chennai Super Kings,"MA Chidambaram Stadium, Chepauk, Chennai",Chennai,Delhi Capitals,bat,0.4488188976377952,0.5767634854771784,0.8,0.4,0.3666666666666666,0.6333333333333333,0.3333333333333333,0.6470588235294118,Delhi Capitals
1473455,2025-04-05,2025,Rajasthan Royals,Punjab Kings,"Maharaja Yadavindra Singh International Cricket Stadium, Mullanpur",Mohali,Punjab Kings,field,0.4955357142857143,0.4475806451612903,0.4,0.6,0.5925925925925926,0.4074074074074074,1.0,0.2,Rajasthan Royals
1473457,2025-04-06,2025,Sunrisers Hyderabad,Gujarat Titans,"Rajiv Gandhi International Stadium, Uppal, Hyderabad",Hyderabad,Gujarat Titans,field,0.4731182795698925,0.625,0.2,0.6,0.25,0.75,0.4666666666666667,0.5,Gujarat Titans
1473458,2025-04-07,2025,Royal Challengers Bengaluru,Mumbai Indians,"Wankhede Stadium, Mumbai",Mumbai,Mumbai Indians,field,0.4767441860465116,0.539622641509434,0.6,0.2,0.40625,0.59375,0.625,0.5789473684210527,Royal Challengers Bengaluru
1473456,2025-04-08,2025,Lucknow Super Giants,Kolkata Knight Riders,"Eden Gardens, Kolkata",Kolkata,Kolkata Knight Riders,field,0.5416666666666666,0.5176470588235295,0.6,0.6,0.6,0.4,0.3333333333333333,0.5,Lucknow Super Giants
1473459,2025-04-08,2025,Punjab Kings,Chennai Super Kings,"Maharaja Yadavindra Singh International Cricket Stadium, Mullanpur",Mohali,Punjab Kings,bat,0.4457831325301205,0.5743801652892562,0.6,0.2,0.4482758620689655,0.5517241379310345,0.1666666666666666,0.5,Punjab Kings
1473460,2025-04-09,2025,Gujarat Titans,Rajasthan Royals,"Narendra Modi Stadium, Ahmedabad",Ahmedabad,Rajasthan Royals,field,0.6326530612244898,0.4977777777777777,0.8,0.4,0.8333333333333334,0.1666666666666666,0.5555555555555556,0.75,Gujarat Titans
1473461,2025-04-10,2025,Royal Challengers Bengaluru,Delhi Capitals,"M Chinnaswamy Stadium, Bengaluru",Bengaluru,Delhi Capitals,field,0.4787644787644787,0.4509803921568627,0.6,0.8,0.6206896551724138,0.3793103448275862,0.4666666666666667,0.0,Delhi Capitals
1473462,2025-04-11,2025,Chennai Super Kings,Kolkata Knight Riders,"MA Chidambaram Stadium, Chepauk, Chennai",Chennai,Kolkata Knight Riders,field,0.5720164609053497,0.515625,0.2,0.4,0.6551724137931034,0.3448275862068966,0.6111111111111112,0.5,Kolkata Knight Riders
1473463,2025-04-12,2025,Gujarat Titans,Lucknow Super Giants,"Bharat Ratna Shri Atal Bihari Vajpayee Ekana Cricket Stadium, Lucknow",Lucknow,Lucknow Super Giants,field,0.64,0.5510204081632653,0.8,0.6,0.8,0.2,0.5,0.5,Lucknow Super Giants
1473464,2025-04-12,2025,Punjab Kings,Sunrisers Hyderabad,"Rajiv Gandhi International Stadium, Uppal, Hyderabad",Hyderabad,Punjab Kings,bat,0.448,0.4705882352941176,0.6,0.2,0.3043478260869565,0.6956521739130435,0.0,0.4375,Sunrisers Hyderabad
1473465,2025-04-13,2025,Rajasthan Royals,Royal Challengers Bengaluru,"Sawai Mansingh Stadium, Jaipur",Jaipur,Royal Challengers Bengaluru,field,0.495575221238938,0.4769230769230769,0.4,0.6,0.4827586206896552,0.5172413793103449,0.5,0.5,Royal Challengers Bengaluru
1473466,2025-04-13,2025,Mumbai Indians,Delhi Capitals,"Arun Jaitley Stadium, Delhi",Delhi,Delhi Capitals,field,0.5375939849624061,0.453125,0.2,1.0,0.5428571428571428,0.4571428571428571,0.75,0.5,Mumbai Indians
1473467,2025-04-14,2025,Lucknow Super Giants,Chennai Super Kings,"Bharat Ratna Shri Atal Bihari Vajpayee Ekana Cricket Stadium, Lucknow",Lucknow,Chennai Super Kings,field,0.56,0.569672131147541,0.8,0.0,0.75,0.25,0.5294117647058824,0.0,Chennai Super Kings
1473468,2025-04-15,2025,Punjab Kings,Kolkata Knight Riders,"Maharaja Yadavindra Singh International Cricket Stadium, Mullanpur",Mohali,Punjab Kings,bat,0.446215139442231,0.5175097276264592,0.6,0.6,0.3636363636363636,0.6363636363636364,0.2857142857142857,0.5,Punjab Kings
1473469,2025-04-16,2025,Delhi Capitals,Rajasthan Royals,"Arun Jaitley Stadium, Delhi",Delhi,Rajasthan Royals,field,0.4513618677042801,0.4933920704845815,0.8,0.4,0.4827586206896552,0.5172413793103449,0.4615384615384615,0.3333333333333333,No Result
1473470,2025-04-17,2025,Sunrisers Hyderabad,Mumbai Indians,"Wankhede Stadium, Mumbai",Mumbai,Mumbai Indians,field,0.4734042553191489,0.5393258426966292,0.2,0.4,0.4545454545454545,0.5454545454545454,0.1666666666666666,0.55,Mumbai Indians
1473471,2025-04-18,2025,Royal Challengers Bengaluru,Punjab Kings,"M Chinnaswamy Stadium, Bengaluru",Bengaluru,Punjab Kings,field,0.4789272030651341,0.4484126984126984,0.6,0.6,0.4848484848484848,0.5151515151515151,0.4375,0.0,Punjab Kings
1473472,2025-04-19,2025,Delhi Capitals,Gujarat Titans,"Narendra Modi Stadium, Ahmedabad",Ahmedabad,Gujarat Titans,field,0.4496124031007752,0.6274509803921569,0.8,0.8,0.6,0.4,0.8,0.5789473684210527,Gujarat Titans
1473473,2025-04-19,2025,Lucknow Super Giants,Rajasthan Royals,"Sawai Mansingh Stadium, Jaipur",Jaipur,Lucknow Super Giants,bat,0.5490196078431373,0.4912280701754385,0.6,0.4,0.2,0.8,0.5,0.4545454545454545,Lucknow Super Giants
1473474,2025-04-20,2025,Punjab Kings,Royal Challengers Bengaluru,"Maharaja Yadavindra Singh International Cricket Stadium, Mullanpur",Mohali,Royal Challengers Bengaluru,field,0.4505928853754941,0.4770992366412214,0.6,0.4,0.5294117647058824,0.4705882352941176,0.375,0.5,Royal Challengers Bengaluru
1473475,2025-04-20,2025,Chennai Super Kings,Mumbai Indians,"Wankhede Stadium, Mumbai",Mumbai,Mumbai Indians,field,0.5714285714285714,0.5410447761194029,0.2,0.6,0.4736842105263157,0.5263157894736842,0.5454545454545454,0.5714285714285714,Mumbai Indians
1473476,2025-04-21,2025,Gujarat Titans,Kolkata Knight Riders,"Eden Gardens, Kolkata",Kolkata,Kolkata Knight Riders,field,0.6346153846153846,0.5155038759689923,0.8,0.4,0.6666666666666666,0.3333333333333333,1.0,0.4705882352941176,Gujarat Titans
1473477,2025-04-22,2025,Lucknow Super Giants,Delhi Capitals,"Bharat Ratna Shri Atal Bihari Vajpayee Ekana Cricket Stadium, Lucknow",Lucknow,Delhi Capitals,field,0.5576923076923077,0.4478764478764478,0.8,0.6,0.5,0.5,0.5,0.5,Delhi Capitals
1473478,2025-04-23,2025,Sunrisers Hyderabad,Mumbai Indians,"Rajiv Gandhi International Stadium, Uppal, Hyderabad",Hyderabad,Mumbai Indians,field,0.4708994708994709,0.5427509293680297,0.2,0.6,0.4347826086956521,0.5652173913043478,0.4705882352941176,0.5,Mumbai Indians
1473479,2025-04-24,2025,Royal Challengers Bengaluru,Rajasthan Royals,"M Chinnaswamy Stadium, Bengaluru",Bengaluru,Rajasthan Royals,field,0.4790874524714829,0.4890829694323144,0.6,0.4,0.5333333333333333,0.4666666666666667,0.4117647058823529,0.0,Royal Challengers Bengaluru
1473480,2025-04-25,2025,Chennai Super Kings,Sunrisers Hyderabad,"MA Chidambaram Stadium, Chepauk, Chennai",Chennai,Sunrisers Hyderabad,field,0.5691056910569106,0.4684210526315789,0.2,0.2,0.7142857142857143,0.2857142857142857,0.5789473684210527,0.2222222222222222,Sunrisers Hyderabad
1473481,2025-04-26,2025,Punjab Kings,Kolkata Knight Riders,"Eden Gardens, Kolkata",Kolkata,Punjab Kings,bat,0.4488188976377952,0.5135135135135135,0.6,0.4,0.3823529411764705,0.6176470588235294,0.5,0.4444444444444444,No Result
1473482,2025-04-27,2025,Mumbai Indians,Lucknow Super Giants,"Wankhede Stadium, Mumbai",Mumbai,Lucknow Super Giants,field,0.5444444444444444,0.5471698113207547,0.8,0.6,0.1428571428571428,0.8571428571428571,0.5909090909090909,0.6,Mumbai Indians
1473483,2025-04-27,2025,Delhi Capitals,Royal Challengers Bengaluru,"Arun Jaitley Stadium, Delhi",Delhi,Royal Challengers Bengaluru,field,0.45,0.4810606060606061,0.6,0.6,0.4,0.6,0.4285714285714285,0.0,Royal Challengers Bengaluru
1473484,2025-04-28,2025,Gujarat Titans,Rajasthan Royals,"Sawai Mansingh Stadium, Jaipur",Jaipur,Rajasthan Royals,field,0.6415094339622641,0.4869565217391304,0.8,0.2,0.8571428571428571,0.1428571428571428,1.0,0.4166666666666667,Rajasthan Royals
1473485,2025-04-29,2025,Kolkata Knight Riders,Delhi Capitals,"Arun Jaitley Stadium, Delhi",Delhi,Delhi Capitals,field,0.5115384615384615,0.4482758620689655,0.4,0.4,0.5625,0.4375,0.0,0.4,Kolkata Knight Riders
1473486,2025-04-30,2025,Chennai Super Kings,Punjab Kings,"MA Chidambaram Stadium, Chepauk, Chennai",Chennai,Punjab Kings,field,0.5668016194331984,0.4470588235294118,0.2,0.6,0.5333333333333333,0.4666666666666667,0.55,0.75,Punjab Kings
1473487,2025-05-01,2025,Mumbai Indians,Rajasthan Royals,"Sawai Mansingh Stadium, Jaipur",Jaipur,Rajasthan Royals,field,0.5461254612546126,0.4891774891774891,1.0,0.2,0.5172413793103449,0.4827586206896552,0.0,0.4615384615384615,Mumbai Indians
1473488,2025-05-02,2025,Gujarat Titans,Sunrisers Hyderabad,"Narendra Modi Stadium, Ahmedabad",Ahmedabad,Sunrisers Hyderabad,field,0.6296296296296297,0.4712041884816754,0.6,0.4,0.8,0.2,0.6,0.0,Gujarat Titans
1473489,2025-05-03,2025,Royal Challengers Bengaluru,Chennai Super Kings,"M Chinnaswamy Stadium, Bengaluru",Bengaluru,Chennai Super Kings,field,0.4830188679245283,0.5645161290322581,0.8,0.2,0.3636363636363636,0.6363636363636364,0.4444444444444444,0.5,Royal Challengers Bengaluru
1473490,2025-05-04,2025,Kolkata Knight Riders,Rajasthan Royals,"Eden Gardens, Kolkata",Kolkata,Kolkata Knight Riders,bat,0.5134099616858238,0.4870689655172414,0.4,0.2,0.5555555555555556,0.4444444444444444,0.4210526315789473,0.6666666666666666,Kolkata Knight Riders
1473491,2025-05-04,2025,Punjab Kings,Lucknow Super Giants,"Himachal Pradesh Cricket Association Stadium, Dharamsala",Dharamsala,Lucknow Super Giants,field,0.44921875,0.5370370370370371,0.6,0.4,0.4,0.6,0.0,0.5,Punjab Kings
1473492,2025-05-05,2025,Delhi Capitals,Sunrisers Hyderabad,"Rajiv Gandhi International Stadium, Uppal, Hyderabad",Hyderabad,Sunrisers Hyderabad,field,0.4465648854961832,0.46875,0.2,0.4,0.4583333333333333,0.5416666666666666,1.0,0.4444444444444444,No Result
1473493,2025-05-06,2025,Mumbai Indians,Gujarat Titans,"Wankhede Stadium, Mumbai",Mumbai,Gujarat Titans,field,0.5477941176470589,0.6363636363636364,1.0,0.6,0.3333333333333333,0.6666666666666666,0.6086956521739131,0.6,Gujarat Titans
1473494,2025-05-07,2025,Kolkata Knight Riders,Chennai Super Kings,"Eden Gardens, Kolkata",Kolkata,Kolkata Knight Riders,bat,0.5152671755725191,0.5622489959839357,0.6,0.2,0.3666666666666666,0.6333333333333333,0.45,1.0,Chennai Super Kings
1473495,2025-05-08,2025,Punjab Kings,Delhi Capitals,"Himachal Pradesh Cricket Association Stadium, Dharamsala",Dharamsala,Punjab Kings,bat,0.4513618677042801,0.4448669201520912,0.8,0.2,0.53125,0.46875,0.2,1.0,No Result
1473497,2025-05-18,2025,Punjab Kings,Rajasthan Royals,"Sawai Mansingh Stadium, Jaipur",Jaipur,Punjab Kings,bat,0.4496124031007752,0.4849785407725321,0.8,0.2,0.3928571428571428,0.6071428571428571,0.5,0.4285714285714285,Punjab Kings
1473498,2025-05-18,2025,Delhi Capitals,Gujarat Titans,"Arun Jaitley Stadium, Delhi",Delhi,Gujarat Titans,field,0.4431818181818182,0.6428571428571429,0.2,0.8,0.5,0.5,0.375,0.5,Gujarat Titans
1473499,2025-05-19,2025,Lucknow Super Giants,Sunrisers Hyderabad,"Bharat Ratna Shri Atal Bihari Vajpayee Ekana Cricket Stadium, Lucknow",Lucknow,Sunrisers Hyderabad,field,0.5272727272727272,0.466321243523316,0.2,0.4,0.8,0.2,0.4736842105263157,0.0,Sunrisers Hyderabad
1473500,2025-05-20,2025,Chennai Super Kings,Rajasthan Royals,"Arun Jaitley Stadium, Delhi",Delhi,Rajasthan Royals,field,0.564,0.4829059829059829,0.2,0.2,0.5333333333333333,0.4666666666666667,0.6666666666666666,0.25,Rajasthan Royals
1473501,2025-05-21,2025,Mumbai Indians,Delhi Capitals,"Wankhede Stadium, Mumbai",Mumbai,Delhi Capitals,field,0.5457875457875457,0.4415094339622641,0.8,0.2,0.5555555555555556,0.4444444444444444,0.5833333333333334,0.3333333333333333,Mumbai Indians
1473502,2025-05-22,2025,Lucknow Super Giants,Gujarat Titans,"Narendra Modi Stadium, Ahmedabad",Ahmedabad,Gujarat Titans,field,0.5178571428571429,0.6491228070175439,0.2,0.8,0.3333333333333333,0.6666666666666666,0.0,0.6190476190476191,Lucknow Super Giants
1473503,2025-05-23,2025,Sunrisers Hyderabad,Royal Challengers Bengaluru,"Bharat Ratna Shri Atal Bihari Vajpayee Ekana Cricket Stadium, Lucknow",Lucknow,Royal Challengers Bengaluru,field,0.4690721649484536,0.4849624060150376,0.4,0.8,0.5217391304347826,0.4782608695652174,0.5,1.0,Sunrisers Hyderabad
1485779,2025-05-24,2025,Punjab Kings,Delhi Capitals,"Sawai Mansingh Stadium, Jaipur",Jaipur,Delhi Capitals,field,0.4517374517374517,0.4398496240601504,0.8,0.2,0.53125,0.46875,1.0,0.0,Delhi Capitals
1473504,2025-05-25,2025,Chennai Super Kings,Gujarat Titans,"Narendra Modi Stadium, Ahmedabad",Ahmedabad,Chennai Super Kings,bat,0.5617529880478087,0.6379310344827587,0.2,0.6,0.4285714285714285,0.5714285714285714,0.3333333333333333,0.5909090909090909,Chennai Super Kings
1473505,2025-05-25,2025,Sunrisers Hyderabad,Kolkata Knight Riders,"Arun Jaitley Stadium, Delhi",Delhi,Sunrisers Hyderabad,bat,0.4717948717948718,0.5133079847908745,0.6,0.4,0.3214285714285714,0.6785714285714286,0.5,0.5,Sunrisers Hyderabad
1473506,2025-05-26,2025,Mumbai Indians,Punjab Kings,"Sawai Mansingh Stadium, Jaipur",Jaipur,Punjab Kings,field,0.5474452554744526,0.45,0.8,0.6,0.5483870967741935,0.4516129032258064,0.5,0.5,Punjab Kings
1473507,2025-05-27,2025,Lucknow Super Giants,Royal Challengers Bengaluru,"Bharat Ratna Shri Atal Bihari Vajpayee Ekana Cricket Stadium, Lucknow",Lucknow,Royal Challengers Bengaluru,field,0.5263157894736842,0.4831460674157303,0.2,0.8,0.4,0.6,0.45,0.5,Royal Challengers Bengaluru
1473508,2025-05-29,2025,Punjab Kings,Royal Challengers Bengaluru,"Maharaja Yadavindra Singh International Cricket Stadium, Mullanpur",New Chandigarh,Royal Challengers Bengaluru,field,0.4521072796934866,0.4850746268656716,0.8,0.8,0.5142857142857142,0.4857142857142857,0.3333333333333333,1.0,Royal Challengers Bengaluru
1473509,2025-05-30,2025,Mumbai Indians,Gujarat Titans,"Maharaja Yadavindra Singh International Cricket Stadium, New Chandigarh",New Chandigarh,Mumbai Indians,bat,0.5454545454545454,0.6271186440677966,0.6,0.6,0.2857142857142857,0.7142857142857143,0.5,0.5,Mumbai Indians
1473510,2025-06-01,2025,Mumbai Indians,Punjab Kings,"Narendra Modi Stadium, Ahmedabad",Ahmedabad,Punjab Kings,field,0.5471014492753623,0.4503816793893129,0.6,0.6,0.53125,0.46875,0.0,0.6,Punjab Kings
1473511,2025-06-03,2025,Royal Challengers Bengaluru,Punjab Kings,"Narendra Modi Stadium, Ahmedabad",Ahmedabad,Punjab Kings,field,0.4869888475836431,0.4524714828897338,0.8,0.6,0.5,0.5,0.4,0.6666666666666666,Royal Challengers Bengaluru
1527674,2026-03-28,2026,Sunrisers Hyderabad,Royal Challengers Bengaluru,"M Chinnaswamy Stadium, Bengaluru",Bengaluru,Royal Challengers Bengaluru,field,0.4744897959183674,0.4888888888888889,0.8,0.8,0.5416666666666666,0.4583333333333333,1.0,0.4736842105263157,Royal Challengers Bengaluru
1527675,2026-03-29,2026,Kolkata Knight Riders,Mumbai Indians,"Wankhede Stadium, Mumbai",Mumbai,Mumbai Indians,field,0.5113636363636364,0.5451263537906137,0.4,0.4,0.3142857142857143,0.6857142857142857,0.4444444444444444,0.6,Mumbai Indians
1527676,2026-03-30,2026,Chennai Super Kings,Rajasthan Royals,"Barsapara Cricket Stadium, Guwahati",Guwahati,Rajasthan Royals,field,0.5634920634920635,0.4851063829787234,0.4,0.4,0.5161290322580645,0.4838709677419355,0.0,0.4,Rajasthan Royals
1527677,2026-03-31,2026,Gujarat Titans,Punjab Kings,"Maharaja Yadavindra Singh International Cricket Stadium, New Chandigarh",New Chandigarh,Punjab Kings,field,0.6166666666666667,0.4507575757575757,0.4,0.4,0.5,0.5,0.0,0.5,Punjab Kings
1527678,2026-04-01,2026,Lucknow Super Giants,Delhi Capitals,"Bharat Ratna Shri Atal Bihari Vajpayee Ekana Cricket Stadium, Lucknow",Lucknow,Delhi Capitals,field,0.5172413793103449,0.4419475655430712,0.2,0.2,0.4285714285714285,0.5714285714285714,0.4285714285714285,0.6666666666666666,Delhi Capitals
1527679,2026-04-02,2026,Sunrisers Hyderabad,Kolkata Knight Riders,"Eden Gardens, Kolkata",Kolkata,Kolkata Knight Riders,field,0.4720812182741117,0.5094339622641509,0.6,0.4,0.3448275862068966,0.6551724137931034,0.3333333333333333,0.4285714285714285,Sunrisers Hyderabad
1527680,2026-04-03,2026,Chennai Super Kings,Punjab Kings,"MA Chidambaram Stadium, Chepauk, Chennai",Chennai,Punjab Kings,field,0.5612648221343873,0.4528301886792453,0.4,0.6,0.5161290322580645,0.4838709677419355,0.5238095238095238,0.8,Punjab Kings
1527681,2026-04-04,2026,Mumbai Indians,Delhi Capitals,"Arun Jaitley Stadium, Delhi",Delhi,Delhi Capitals,field,0.5467625899280576,0.4440298507462686,0.6,0.4,0.5675675675675675,0.4324324324324324,0.8,0.3529411764705882,Delhi Capitals
1527682,2026-04-04,2026,Rajasthan Royals,Gujarat Titans,"Narendra Modi Stadium, Ahmedabad",Ahmedabad,Rajasthan Royals,bat,0.4872881355932203,0.6065573770491803,0.4,0.2,0.25,0.75,0.6,0.5652173913043478,Rajasthan Royals
1527683,2026-04-05,2026,Sunrisers Hyderabad,Lucknow Super Giants,"Rajiv Gandhi International Stadium, Uppal, Hyderabad",Hyderabad,Lucknow Super Giants,field,0.4747474747474747,0.5084745762711864,0.8,0.2,0.3333333333333333,0.6666666666666666,0.4210526315789473,0.6666666666666666,Lucknow Super Giants
1527684,2026-04-05,2026,Royal Challengers Bengaluru,Chennai Super Kings,"M Chinnaswamy Stadium, Bengaluru",Bengaluru,Chennai Super Kings,field,0.4907749077490775,0.5590551181102362,0.8,0.4,0.3823529411764705,0.6176470588235294,0.5,0.3333333333333333,Royal Challengers Bengaluru
1527685,2026-04-06,2026,Kolkata Knight Riders,Punjab Kings,"Eden Gardens, Kolkata",Kolkata,Kolkata Knight Riders,bat,0.5075187969924813,0.4548872180451128,0.2,0.6,0.6176470588235294,0.3823529411764705,0.4090909090909091,0.3333333333333333,No Result
1527686,2026-04-07,2026,Rajasthan Royals,Mumbai Indians,"Barsapara Cricket Stadium, Guwahati",Guwahati,Mumbai Indians,field,0.4894514767932489,0.5448028673835126,0.6,0.4,0.4666666666666667,0.5333333333333333,0.5,0.5,Rajasthan Royals
1527687,2026-04-08,2026,Gujarat Titans,Delhi Capitals,"Arun Jaitley Stadium, Delhi",Delhi,Delhi Capitals,field,0.5967741935483871,0.4460966542750929,0.0,0.6,0.5714285714285714,0.4285714285714285,0.6666666666666666,0.3888888888888889,Gujarat Titans
1527688,2026-04-09,2026,Kolkata Knight Riders,Lucknow Super Giants,"Eden Gardens, Kolkata",Kolkata,Lucknow Super Giants,field,0.5056179775280899,0.5166666666666667,0.2,0.4,0.3333333333333333,0.6666666666666666,0.391304347826087,0.5,Lucknow Super Giants
1527689,2026-04-10,2026,Royal Challengers Bengaluru,Rajasthan Royals,"Barsapara Cricket Stadium, Guwahati",Guwahati,Rajasthan Royals,field,0.4926470588235294,0.4915966386554621,1.0,0.8,0.5483870967741935,0.4516129032258064,0.5,0.5714285714285714,Rajasthan Royals
1527690,2026-04-11,2026,Sunrisers Hyderabad,Punjab Kings,"Maharaja Yadavindra Singh International Cricket Stadium, New Chandigarh",New Chandigarh,Punjab Kings,field,0.4723618090452261,0.4531835205992509,0.6,0.6,0.7083333333333334,0.2916666666666667,0.5,1.0,Punjab Kings
1527691,2026-04-11,2026,Chennai Super Kings,Delhi Capitals,"MA Chidambaram Stadium, Chepauk, Chennai",Chennai,Delhi Capitals,field,0.5568627450980392,0.4444444444444444,0.2,0.6,0.6129032258064516,0.3870967741935484,0.5,0.5,Chennai Super Kings
1527692,2026-04-12,2026,Lucknow Super Giants,Gujarat Titans,"Bharat Ratna Shri Atal Bihari Vajpayee Ekana Cricket Stadium, Lucknow",Lucknow,Gujarat Titans,field,0.5245901639344263,0.6031746031746031,0.6,0.2,0.4285714285714285,0.5714285714285714,0.4090909090909091,0.3333333333333333,Gujarat Titans
1527693,2026-04-12,2026,Royal Challengers Bengaluru,Mumbai Indians,"Wankhede Stadium, Mumbai",Mumbai,Mumbai Indians,field,0.4908424908424908,0.5428571428571428,0.8,0.4,0.4242424242424242,0.5757575757575758,0.6666666666666666,0.6153846153846154,Royal Challengers Bengaluru
1529264,2026-04-13,2026,Sunrisers Hyderabad,Rajasthan Royals,"Rajiv Gandhi International Stadium, Uppal, Hyderabad",Hyderabad,Rajasthan Royals,field,0.47,0.4937238493723849,0.4,1.0,0.5714285714285714,0.4285714285714285,0.4,0.3333333333333333,Sunrisers Hyderabad
1529265,2026-04-14,2026,Chennai Super Kings,Kolkata Knight Riders,"MA Chidambaram Stadium, Chepauk, Chennai",Chennai,Kolkata Knight Riders,field,0.55859375,0.503731343283582,0.4,0.0,0.6451612903225806,0.3548387096774194,0.5217391304347826,0.5714285714285714,Chennai Super Kings
1529266,2026-04-15,2026,Lucknow Super Giants,Royal Challengers Bengaluru,"M Chinnaswamy Stadium, Bengaluru",Bengaluru,Royal Challengers Bengaluru,field,0.5161290322580645,0.4927007299270073,0.4,0.8,0.3333333333333333,0.6666666666666666,1.0,0.5238095238095238,Royal Challengers Bengaluru
1529267,2026-04-16,2026,Mumbai Indians,Punjab Kings,"Wankhede Stadium, Mumbai",Mumbai,Punjab Kings,field,0.5409252669039146,0.4552238805970149,0.2,0.8,0.5151515151515151,0.4848484848484848,0.5925925925925926,0.5,Punjab Kings
1529268,2026-04-17,2026,Kolkata Knight Riders,Gujarat Titans,"Narendra Modi Stadium, Ahmedabad",Ahmedabad,Kolkata Knight Riders,bat,0.5018587360594795,0.609375,0.0,0.4,0.25,0.75,0.75,0.5416666666666666,Gujarat Titans
1529269,2026-04-18,2026,Royal Challengers Bengaluru,Delhi Capitals,"M Chinnaswamy Stadium, Bengaluru",Bengaluru,Delhi Capitals,field,0.4945454545454545,0.4428044280442804,0.8,0.6,0.6129032258064516,0.3870967741935484,0.5454545454545454,0.3333333333333333,Delhi Capitals
1529270,2026-04-18,2026,Sunrisers Hyderabad,Chennai Super Kings,"Rajiv Gandhi International Stadium, Uppal, Hyderabad",Hyderabad,Chennai Super Kings,field,0.472636815920398,0.5603112840466926,0.4,0.4,0.3181818181818182,0.6818181818181818,0.4285714285714285,0.0,Sunrisers Hyderabad
1529271,2026-04-19,2026,Rajasthan Royals,Kolkata Knight Riders,"Eden Gardens, Kolkata",Kolkata,Rajasthan Royals,bat,0.4916666666666666,0.5,0.8,0.0,0.4285714285714285,0.5714285714285714,0.5,0.375,Kolkata Knight Riders
1529272,2026-04-19,2026,Punjab Kings,Lucknow Super Giants,"Maharaja Yadavindra Singh International Cricket Stadium, New Chandigarh",New Chandigarh,Lucknow Super Giants,field,0.4572490706319702,0.5079365079365079,0.8,0.4,0.5,0.5,1.0,0.5,Punjab Kings
1529273,2026-04-20,2026,Mumbai Indians,Gujarat Titans,"Narendra Modi Stadium, Ahmedabad",Ahmedabad,Gujarat Titans,field,0.5390070921985816,0.6153846153846154,0.2,0.6,0.375,0.625,0.0,0.56,Mumbai Indians
1529274,2026-04-21,2026,Sunrisers Hyderabad,Delhi Capitals,"Rajiv Gandhi International Stadium, Uppal, Hyderabad",Hyderabad,Delhi Capitals,field,0.4752475247524752,0.4448529411764705,0.6,0.6,0.5416666666666666,0.4583333333333333,0.4545454545454545,0.5,Sunrisers Hyderabad
1529275,2026-04-22,2026,Rajasthan Royals,Lucknow Super Giants,"Bharat Ratna Shri Atal Bihari Vajpayee Ekana Cricket Stadium, Lucknow",Lucknow,Lucknow Super Giants,field,0.4896265560165975,0.5,0.6,0.4,0.6666666666666666,0.3333333333333333,1.0,0.391304347826087,Rajasthan Royals
1529276,2026-04-23,2026,Chennai Super Kings,Mumbai Indians,"Wankhede Stadium, Mumbai",Mumbai,Mumbai Indians,field,0.5581395348837209,0.5406360424028268,0.4,0.2,0.4615384615384615,0.5384615384615384,0.5,0.5714285714285714,Chennai Super Kings
1529277,2026-04-24,2026,Gujarat Titans,Royal Challengers Bengaluru,"M Chinnaswamy Stadium, Bengaluru",Bengaluru,Royal Challengers Bengaluru,field,0.6060606060606061,0.4927536231884058,0.6,0.6,0.5,0.5,0.6666666666666666,0.5217391304347826,Royal Challengers Bengaluru
1529278,2026-04-25,2026,Delhi Capitals,Punjab Kings,"Arun Jaitley Stadium, Delhi",Delhi,Delhi Capitals,bat,0.4432234432234432,0.4592592592592592,0.4,1.0,0.4848484848484848,0.5151515151515151,0.3684210526315789,1.0,Punjab Kings
1529279,2026-04-25,2026,Rajasthan Royals,Sunrisers Hyderabad,"Sawai Mansingh Stadium, Jaipur",Jaipur,Sunrisers Hyderabad,field,0.4917355371900826,0.4778325123152709,0.6,0.6,0.4090909090909091,0.5909090909090909,0.4,1.0,Sunrisers Hyderabad
1529280,2026-04-26,2026,Chennai Super Kings,Gujarat Titans,"MA Chidambaram Stadium, Chepauk, Chennai",Chennai,Gujarat Titans,field,0.5598455598455598,0.5970149253731343,0.6,0.6,0.5,0.5,0.5416666666666666,0.0,Gujarat Titans
1529281,2026-04-26,2026,Kolkata Knight Riders,Lucknow Super Giants,"Bharat Ratna Shri Atal Bihari Vajpayee Ekana Cricket Stadium, Lucknow",Lucknow,Lucknow Super Giants,field,0.5018450184501845,0.4923076923076923,0.2,0.2,0.2857142857142857,0.7142857142857143,1.0,0.375,No Result
1529282,2026-04-27,2026,Delhi Capitals,Royal Challengers Bengaluru,"Arun Jaitley Stadium, Delhi",Delhi,Royal Challengers Bengaluru,field,0.4416058394160584,0.4945848375451263,0.2,0.6,0.40625,0.59375,0.35,0.5,Royal Challengers Bengaluru
1529283,2026-04-28,2026,Punjab Kings,Rajasthan Royals,"Maharaja Yadavindra Singh International Cricket Stadium, New Chandigarh",New Chandigarh,Rajasthan Royals,field,0.4612546125461255,0.4897119341563786,1.0,0.4,0.4137931034482758,0.5862068965517241,1.0,0.5,Rajasthan Royals
1529284,2026-04-29,2026,Mumbai Indians,Sunrisers Hyderabad,"Wankhede Stadium, Mumbai",Mumbai,Mumbai Indians,bat,0.5387323943661971,0.4803921568627451,0.2,0.8,0.5833333333333334,0.4166666666666667,0.5517241379310345,0.1428571428571428,Sunrisers Hyderabad
1529285,2026-04-30,2026,Royal Challengers Bengaluru,Gujarat Titans,"Narendra Modi Stadium, Ahmedabad",Ahmedabad,Gujarat Titans,field,0.4964028776978417,0.6029411764705882,0.8,0.6,0.5714285714285714,0.4285714285714285,0.5,0.5384615384615384,Gujarat Titans
1529286,2026-05-01,2026,Rajasthan Royals,Delhi Capitals,"Sawai Mansingh Stadium, Jaipur",Jaipur,Rajasthan Royals,bat,0.4918032786885246,0.44,0.4,0.2,0.5172413793103449,0.4827586206896552,0.375,0.5,Delhi Capitals
1529287,2026-05-02,2026,Mumbai Indians,Chennai Super Kings,"MA Chidambaram Stadium, Chepauk, Chennai",Chennai,Mumbai Indians,bat,0.5368421052631579,0.5576923076923077,0.2,0.6,0.525,0.475,0.375,0.52,Chennai Super Kings
1529288,2026-05-03,2026,Sunrisers Hyderabad,Kolkata Knight Riders,"Rajiv Gandhi International Stadium, Uppal, Hyderabad",Hyderabad,Sunrisers Hyderabad,bat,0.4829268292682926,0.5,1.0,0.2,0.3666666666666666,0.6333333333333333,0.4782608695652174,1.0,Kolkata Knight Riders
1529289,2026-05-03,2026,Punjab Kings,Gujarat Titans,"Narendra Modi Stadium, Ahmedabad",Ahmedabad,Gujarat Titans,field,0.4595588235294117,0.6086956521739131,0.8,0.6,0.5714285714285714,0.4285714285714285,0.5714285714285714,0.5555555555555556,Gujarat Titans
1529290,2026-05-04,2026,Lucknow Super Giants,Mumbai Indians,"Wankhede Stadium, Mumbai",Mumbai,Mumbai Indians,field,0.4848484848484848,0.534965034965035,0.2,0.2,0.75,0.25,0.5,0.5333333333333333,Mumbai Indians
1529291,2026-05-05,2026,Delhi Capitals,Chennai Super Kings,"Arun Jaitley Stadium, Delhi",Delhi,Delhi Capitals,bat,0.4420289855072464,0.5593869731800766,0.4,0.6,0.375,0.625,0.3333333333333333,0.5,Chennai Super Kings
1529292,2026-05-06,2026,Sunrisers Hyderabad,Punjab Kings,"Rajiv Gandhi International Stadium, Uppal, Hyderabad",Hyderabad,Punjab Kings,field,0.4805825242718446,0.4578754578754578,0.8,0.6,0.68,0.32,0.4583333333333333,0.0,Sunrisers Hyderabad
1529293,2026-05-07,2026,Lucknow Super Giants,Royal Challengers Bengaluru,"Bharat Ratna Shri Atal Bihari Vajpayee Ekana Cricket Stadium, Lucknow",Lucknow,Royal Challengers Bengaluru,field,0.4776119402985074,0.4946236559139785,0.0,0.6,0.2857142857142857,0.7142857142857143,0.36,0.6666666666666666,Lucknow Super Giants
1529294,2026-05-08,2026,Delhi Capitals,Kolkata Knight Riders,"Arun Jaitley Stadium, Delhi",Delhi,Kolkata Knight Riders,field,0.4404332129963899,0.5018315018315018,0.2,0.4,0.4242424242424242,0.5757575757575758,0.3181818181818182,0.3333333333333333,Kolkata Knight Riders
1529295,2026-05-09,2026,Gujarat Titans,Rajasthan Royals,"Sawai Mansingh Stadium, Jaipur",Jaipur,Rajasthan Royals,field,0.6142857142857143,0.4897959183673469,0.6,0.4,0.6666666666666666,0.3333333333333333,0.6666666666666666,0.3529411764705882,Gujarat Titans
1529296,2026-05-10,2026,Lucknow Super Giants,Chennai Super Kings,"MA Chidambaram Stadium, Chepauk, Chennai",Chennai,Chennai Super Kings,field,0.4852941176470588,0.5610687022900763,0.2,0.6,0.6,0.4,0.3333333333333333,0.5384615384615384,Chennai Super Kings
1529297,2026-05-10,2026,Mumbai Indians,Royal Challengers Bengaluru,"Shaheed Veer Narayan Singh International Stadium, Raipur",Raipur,Royal Challengers Bengaluru,field,0.5365853658536586,0.4928571428571429,0.4,0.4,0.5588235294117647,0.4411764705882353,0.5,0.5,Royal Challengers Bengaluru
1529298,2026-05-11,2026,Punjab Kings,Delhi Capitals,"Himachal Pradesh Cricket Association Stadium, Dharamsala",Dharamsala,Delhi Capitals,field,0.4562043795620438,0.4388489208633093,0.4,0.2,0.5294117647058824,0.4705882352941176,0.1666666666666666,0.5,Delhi Capitals
1529299,2026-05-12,2026,Gujarat Titans,Sunrisers Hyderabad,"Narendra Modi Stadium, Ahmedabad",Ahmedabad,Sunrisers Hyderabad,field,0.6197183098591549,0.4830917874396135,0.8,0.8,0.8333333333333334,0.1666666666666666,0.5714285714285714,0.0,Gujarat Titans
1529300,2026-05-13,2026,Kolkata Knight Riders,Royal Challengers Bengaluru,"Shaheed Veer Narayan Singh International Stadium, Raipur",Raipur,Royal Challengers Bengaluru,field,0.5036496350364964,0.494661921708185,0.6,0.6,0.5714285714285714,0.4285714285714285,0.5,1.0,Royal Challengers Bengaluru
1529301,2026-05-14,2026,Punjab Kings,Mumbai Indians,"Himachal Pradesh Cricket Association Stadium, Dharamsala",Dharamsala,Mumbai Indians,field,0.4545454545454545,0.5347222222222222,0.2,0.2,0.5,0.5,0.1428571428571428,0.5,Mumbai Indians
1529302,2026-05-15,2026,Chennai Super Kings,Lucknow Super Giants,"Bharat Ratna Shri Atal Bihari Vajpayee Ekana Cricket Stadium, Lucknow",Lucknow,Lucknow Super Giants,field,0.5627376425855514,0.4782608695652174,0.8,0.2,0.5,0.5,0.3333333333333333,0.3846153846153846,Lucknow Super Giants
1529303,2026-05-16,2026,Kolkata Knight Riders,Gujarat Titans,"Eden Gardens, Kolkata",Kolkata,Gujarat Titans,field,0.5018181818181818,0.625,0.6,1.0,0.2,0.8,0.4,1.0,Kolkata Knight Riders
1529304,2026-05-17,2026,Royal Challengers Bengaluru,Punjab Kings,"Himachal Pradesh Cricket Association Stadium, Dharamsala",Dharamsala,Punjab Kings,field,0.4964539007092198,0.4528985507246377,0.6,0.0,0.5135135135135135,0.4864864864864865,1.0,0.125,Royal Challengers Bengaluru
1529305,2026-05-17,2026,Rajasthan Royals,Delhi Capitals,"Arun Jaitley Stadium, Delhi",Delhi,Delhi Capitals,field,0.4878048780487805,0.4408602150537634,0.4,0.4,0.5,0.5,0.4,0.3043478260869565,Delhi Capitals
1529306,2026-05-18,2026,Chennai Super Kings,Sunrisers Hyderabad,"MA Chidambaram Stadium, Chepauk, Chennai",Chennai,Chennai Super Kings,bat,0.5606060606060606,0.4807692307692308,0.6,0.6,0.6521739130434783,0.3478260869565217,0.5555555555555556,0.3,Sunrisers Hyderabad
1529307,2026-05-19,2026,Lucknow Super Giants,Rajasthan Royals,"Sawai Mansingh Stadium, Jaipur",Jaipur,Rajasthan Royals,field,0.4857142857142857,0.48582995951417,0.4,0.2,0.2857142857142857,0.7142857142857143,0.6666666666666666,0.3333333333333333,Rajasthan Royals
1529308,2026-05-20,2026,Mumbai Indians,Kolkata Knight Riders,"Eden Gardens, Kolkata",Kolkata,Kolkata Knight Riders,field,0.5363321799307958,0.5036231884057971,0.4,0.8,0.6944444444444444,0.3055555555555556,0.0,0.4230769230769231,Kolkata Knight Riders
1529309,2026-05-21,2026,Gujarat Titans,Chennai Super Kings,"Narendra Modi Stadium, Ahmedabad",Ahmedabad,Chennai Super Kings,field,0.6164383561643836,0.5584905660377358,0.8,0.6,0.5555555555555556,0.4444444444444444,0.5862068965517241,0.5,Gujarat Titans
1529310,2026-05-22,2026,Sunrisers Hyderabad,Royal Challengers Bengaluru,"Rajiv Gandhi International Stadium, Uppal, Hyderabad",Hyderabad,Sunrisers Hyderabad,bat,0.4832535885167464,0.4982332155477031,0.6,0.6,0.52,0.48,0.48,1.0,Sunrisers Hyderabad
1529311,2026-05-23,2026,Lucknow Super Giants,Punjab Kings,"Bharat Ratna Shri Atal Bihari Vajpayee Ekana Cricket Stadium, Lucknow",Lucknow,Punjab Kings,field,0.4788732394366197,0.4512635379061371,0.4,0.0,0.4285714285714285,0.5714285714285714,0.4074074074074074,0.6666666666666666,Punjab Kings
1529312,2026-05-24,2026,Rajasthan Royals,Mumbai Indians,"Wankhede Stadium, Mumbai",Mumbai,Mumbai Indians,field,0.4879032258064516,0.5344827586206896,0.4,0.4,0.4838709677419355,0.5161290322580645,0.5,0.5483870967741935,Rajasthan Royals
1529313,2026-05-24,2026,Delhi Capitals,Kolkata Knight Riders,"Eden Gardens, Kolkata",Kolkata,Kolkata Knight Riders,field,0.4428571428571428,0.5054151624548736,0.6,0.8,0.4117647058823529,0.5882352941176471,0.0,0.4444444444444444,Delhi Capitals
1535462,2026-05-26,2026,Royal Challengers Bengaluru,Gujarat Titans,"Himachal Pradesh Cricket Association Stadium, Dharamsala",Dharamsala,Gujarat Titans,field,0.4964788732394366,0.6216216216216216,0.6,0.8,0.5,0.5,1.0,0.5,Royal Challengers Bengaluru
1535463,2026-05-27,2026,Rajasthan Royals,Sunrisers Hyderabad,"Maharaja Yadavindra Singh International Cricket Stadium, New Chandigarh",New Chandigarh,Sunrisers Hyderabad,field,0.4899598393574297,0.4857142857142857,0.4,0.6,0.391304347826087,0.6086956521739131,1.0,0.0,Rajasthan Royals
1535464,2026-05-29,2026,Rajasthan Royals,Gujarat Titans,"Maharaja Yadavindra Singh International Cricket Stadium, New Chandigarh",New Chandigarh,Rajasthan Royals,bat,0.492,0.6133333333333333,0.6,0.6,0.3,0.7,1.0,0.0,Gujarat Titans
1535465,2026-05-31,2026,Gujarat Titans,Royal Challengers Bengaluru,"Narendra Modi Stadium, Ahmedabad",Ahmedabad,Royal Challengers Bengaluru,field,0.618421052631579,0.4982456140350877,0.6,0.8,0.4444444444444444,0.5555555555555556,0.6,0.4285714285714285,Royal Challengers Bengaluru
